,FA1,FA2
male1_AAACCGCGTTAGCATG-1,1.1160482533001654,-1.5864953460212592
male1_AAACCGGCATTAGCGC-1,3.9951516884996208,-4.928618523313997
male1_AAAGGAGCAAGCTTAT-1,2.274020220701712,-4.361597289880549
male1_AAATCCGGTTCCAGGG-1,4.979283268829092,-2.722334678434846
male1_AACAAGCCATCACTTC-1,-0.5452028432171888,-2.0053927610979763
male1_AACATCATCTCATCAT-1,-0.646930999788001,-2.4797350907108595
male1_AACATTGTCAATTACG-1,-1.3018587331801381,-1.8891235669546595
male1_AACATTGTCCTCACTA-1,4.228569861300348,-1.0796717159334386
male1_AACGCCCAGGCGTAAA-1,4.026438893642206,-0.9740880310196299
male1_AACGGTAAGTAAAGGT-1,-0.22297936068063776,1.4124630741365392
male1_AACTGTTCACTGACCG-1,-0.7060436787764129,-1.771070481889531
male1_AAGAATCAGCTAATCA-1,-0.5071856324923958,-2.8820372502624347
male1_AAGACCAAGTAACAGG-1,0.46290518768120187,-0.7606984791307457
male1_AAGCATGAGTAGGATG-1,4.613656996536659,0.8846728976880202
male1_AAGCCTCCACAAAGAC-1,4.7470481970631955,-2.363821208593621
male1_AAGCGCTGTATTGAGT-1,4.079878178856569,-0.059775614474691895
male1_AAGCTAGAGGCAACAA-1,5.612946328490418,-0.2556501669979669
male1_AAGGATCCATAGGCGA-1,-0.5460107906086493,-2.5379987927494096
male1_AAGGTGCAGTCACTCC-1,2.440313407302694,0.24963202268882506
male1_AAGTAGCCATTTAAGC-1,-0.31246419254347546,0.8290036206950011
male1_AAGTTTGTCAATCATG-1,4.436140949421154,-2.226362658749813
male1_AATCCGTAGTGTTGTA-1,4.09007590749588,-2.790852445548388
male1_AATTACCCAAACTAAG-1,4.739400440566836,-0.3906796986063001
male1_AATTCGTCAACCTAAT-1,2.9461474082898813,0.6278039793694806
male1_AATTGGGAGTTACCGG-1,1.0636647928676,-1.0825014603575247
male1_AATTTCCTCTGTAATG-1,4.455387497724159,-0.2990383808996508
male1_AATTTGGTCAATGACC-1,4.268523140066854,0.6922401363708766
male1_ACAACACTCGTTACAA-1,1.5396952691840466,-0.46605765074202216
male1_ACAACAGAGGCTAGAA-1,1.2998550338505879,0.5084009812434226
male1_ACACAATGTGCTCCAC-1,3.0965893920231427,0.3514655010860976
male1_ACAGCGCTCGCTTCTA-1,1.8586796889244566,0.8846180465632527
male1_ACAGCGCTCTATCGCC-1,4.295171933876436,0.7824646162494944
male1_ACAGGTAAGAGGAGGA-1,3.727661110914119,-5.028291711953595
male1_ACAGGTAAGTAACCCG-1,4.269136891628516,-0.6701480458658478
male1_ACATCAATCGGTAACT-1,-0.8439150073934069,-1.5705963110165961
male1_ACCAAGTTCATAAGCC-1,-1.0872772720192423,-1.935021948588898
male1_ACCAAGTTCTTGCATT-1,3.927837438698144,-0.44273626881082817
male1_ACCACATAGGGACTAA-1,3.397426255170692,-1.19782704923976
male1_ACCAGGACAGCTTAAT-1,3.048947353064622,0.5590696293932251
male1_ACCCAGGGTGTCCAAA-1,-0.9580475898985021,-1.7181347595383227
male1_ACCCGGTAGACTATTG-1,3.960321074405681,-2.340620405994748
male1_ACCCGGTAGTACCGCA-1,3.3075966745492735,-2.8031225071227808
male1_ACCCGTAAGTGCACGC-1,4.204154810714426,-0.4370500724952538
male1_ACCGAAGCAGGCCATT-1,5.226360719691617,0.586731772004001
male1_ACCGGCTAGGTCCTGA-1,3.490115287846695,-0.32764116057378007
male1_ACCGGTTCAGGACCTT-1,-0.22638141387435695,-3.0067503243286966
male1_ACCTGTTGTTAGGATT-1,5.699376146405361,-1.8791159940309161
male1_ACCTGTTGTTTAGTCC-1,2.2900607775405617,-0.7358951274074171
male1_ACCTTCATCGCTCCAT-1,2.945586538069815,-0.25634764811846583
male1_ACCTTGCTCTCACTCA-1,4.128668873775464,0.6604381122829918
male1_ACGAGTAAGTTAGCCG-1,5.361081620588918,0.34749699564741543
male1_ACGCACGGTTTGGGTA-1,2.572606175997116,0.4737996353244134
male1_ACGCCTAAGTAGGATG-1,4.640291142027581,-0.31871513500586535
male1_ACGCTTGAGGAGGACT-1,-0.7375230779301902,-2.262313777133444
male1_ACGCTTGAGTCATCCC-1,2.9535409699617463,-5.208447086831464
male1_ACGTTACAGGGTGGAT-1,4.577626184296876,1.1278077280523227
male1_ACTAACCAGAACCTGT-1,4.408053294740607,-2.0276134820915392
male1_ACTAACTCAGGTTCAC-1,2.307348622238953,-4.096962283340449
male1_ACTGAAACAGTACCGT-1,-0.9865121563093623,-2.519624411659692
male1_ACTTGCACAAGCTACC-1,4.560475910728314,-0.8113050682285057
male1_ACTTTGTTCGGTTTCC-1,2.7702403883040345,-1.5269313349623774
male1_AGAACAAGTGTCACGG-1,3.0962798149650945,-1.8074454056407339
male1_AGACCCGGTAAAGCAA-1,3.1480104380513976,-3.993450495961929
male1_AGACTATGTTCCATTA-1,3.5224161098423363,-4.2827609099934225
male1_AGATGCTTCTTGCAAA-1,3.003804851729366,0.06652022792061009
male1_AGCAAATAGTTGCGTG-1,2.5241153177752023,-4.160034767960328
male1_AGCAATTGTGTTGCAA-1,4.886368149948604,-0.8727458303033206
male1_AGCACTAGTAAAGCGG-1,3.0964824746029245,0.05877356465221565
male1_AGCCAGTGTAGGTTTG-1,-1.0027679866950787,-1.3915275467537283
male1_AGCCAGTGTGTGAGAG-1,5.4134979775369345,-0.09193039058562401
male1_AGCCGCTAGCTTATGA-1,5.373637615680892,-0.4694800196885819
male1_AGCCTAGTCAGGATGA-1,0.18919486267844027,-1.6864244106987025
male1_AGCGCCTAGGTCAAAG-1,-0.1463826982956453,-3.18096288892226
male1_AGCTACGTCTAAGTGC-1,1.3463369800556555,-0.05719763928780459
male1_AGCTTAATCAAGACTC-1,3.2839795211839666,0.40350904094805956
male1_AGCTTGGTCCTGCGAA-1,4.10679618139102,-5.266946392312118
male1_AGCTTTAAGACTAAGG-1,-0.3733263253750962,-0.7599118394733635
male1_AGCTTTAAGTCCTGAG-1,3.4508968388111763,-2.8763947343874507
male1_AGGATGCAGGACTTAC-1,3.7875037437762016,-4.323628201979193
male1_AGGCAATCAGCTTACA-1,2.328223372439755,-3.7488409687007143
male1_AGGCTAGCACATAACT-1,4.0367552495224155,-4.702239557142565
male1_AGGGCTACACTCGCTC-1,0.026376234331824934,-3.380598079471916
male1_AGGTGAGGTCAAGTGC-1,2.9436678395781484,1.0205269926768343
male1_AGGTGAGGTGCTGTAA-1,0.2296174955859121,-0.43429818325391084
male1_AGGTTTGGTCATGCCC-1,0.8253640162977245,-1.5278271341906933
male1_AGTAAACAGGTCAAAG-1,4.953215572601378,-1.230306834659991
male1_AGTAAACAGTCCTTCA-1,-0.7713199586668286,-2.8904984328754533
male1_AGTAAACAGTGAGGTA-1,0.012985650785817659,-2.4425753407718016
male1_AGTAAGTAGGGATGAC-1,1.6203559786209232,-0.7848696133442229
male1_AGTAATCGTGTGTCCC-1,-0.08312571067012692,-1.996016284045457
male1_AGTAGCTTCAGCAAGA-1,-1.2782573135599173,-4.580828658891997
male1_AGTATAGCACGTTACA-1,2.9262735325783638,-1.0730781725145748
male1_AGTCTTGCATAAGTTC-1,1.7067259630539637,0.748536429893873
male1_AGTGAACCAGGATTAA-1,0.018903640775493714,-1.0315855848389357
male1_AGTTGCAGTATTTGCC-1,3.5738355576805234,-0.8379518597322023
male1_AGTTGCGTCGAAGCGG-1,-0.32122831094677046,-3.5378448212662366
male1_AGTTGCGTCTCTAGCC-1,0.6805984838732015,-2.8042757025698077
male1_AGTTGGCGTGTAACCA-1,3.5947806997296636,-1.0858562419169635
male1_ATAAGTCGTGAGCAAG-1,0.2026326548208394,-1.4362561604445514
male1_ATAATGGCATAGCGGA-1,4.311446746873825,-4.599961624251429
male1_ATAGATGCACGAATCC-1,1.6838789678038821,0.9333556739780767
male1_ATAGGTACATAGACTT-1,0.04722284314411907,-2.3292019318721353
male1_ATAGGTACATGTCAGC-1,2.7763767023014125,0.1680360307700903
male1_ATATGCATCCGCAAAT-1,-0.6128838417541194,-1.9200156867442113
male1_ATCACCCTCCGCCTAT-1,5.209190087441585,-0.8458431098362929
male1_ATCCATAAGATACTTG-1,0.17602686490954356,-3.653651680482243
male1_ATCGCCCGTAGTTGGC-1,4.723074689114719,-0.19232548198496083
male1_ATCGCCCGTGTTGTAG-1,-0.9850400407876685,-0.9664802448615164
male1_ATGACAACACCATATG-1,1.2990766162350644,0.37344339209665856
male1_ATGATGACAGCATGGA-1,1.6228196873375664,0.4303736269129205
male1_ATGCAAACAAGGTGCA-1,5.360219912190297,-2.710958457553528
male1_ATGCCTGAGCTATTGA-1,2.953271500605932,0.18940435199879319
male1_ATGCGATTCGATCAGT-1,4.424592216289943,0.471255204373513
male1_ATGGCCCAGGGCTTAT-1,4.775677366466443,-1.2347619159423469
male1_ATGGCCCAGTAGCGGG-1,2.573526104934275,-2.2839068451988176
male1_ATGGCTGTCAATTGGC-1,5.326848093675634,-1.3674009131285376
male1_ATGGCTGTCCATAAGC-1,0.5005343398702286,-2.2693690336536
male1_ATGGCTGTCTTGGACG-1,1.27017258423768,-1.9179546511311614
male1_ATGGTGCGTTGTGACA-1,-2.270579440761839,-1.8922065579385177
male1_ATGGTTATCATGGTTA-1,2.1767204444811,-3.122628388105614
male1_ATGTCAATCGCTATGG-1,-0.383476361820851,-3.104732567318873
male1_ATGTGAGAGGCTATGT-1,2.7222744249212893,-5.154133716920751
male1_ATGTTCAAGCTAAAGG-1,3.35377774441073,-2.162840686137749
male1_ATTATCCTCATGAAGG-1,3.0144918637123093,0.46652892139838653
male1_ATTCACTTCTGTAAGC-1,3.4393284581107526,0.5577952258340922
male1_ATTCCGGAGTGCACGC-1,-0.5626802327271553,1.2121679905345806
male1_ATTGCAGGTTAGGTTG-1,1.9738196479801853,-1.1268606217381305
male1_ATTGCGCCAGGAACCA-1,0.4465726706920101,-0.21759007402128291
male1_ATTGGCTAGCAGGTGG-1,2.283199672633271,-0.2957203976934016
male1_ATTGGCTAGGATCCGC-1,4.329491629680656,-1.0776346199098445
male1_ATTTGCGCAGCGCTTG-1,4.314176286632196,0.36563699840915365
male1_CAAACACTCGGTTTCC-1,2.52345486439886,-3.313605898036215
male1_CAAACGCGTGATCAGC-1,3.5022632723799134,-5.390221515331001
male1_CAACTAGGTCTCAGCC-1,2.6618653757144757,0.9343186273978927
male1_CAAGACAAGGTCGATT-1,3.316921316332951,-4.488392120054506
male1_CAAGGCTGTGATGGCT-1,0.31065100031704185,1.2135349973393077
male1_CAAGGGAGTGTTTGTC-1,2.5486530981575,-0.9975377177718565
male1_CAATCTAAGACACCGC-1,2.7095493688122576,-1.036538836971304
male1_CAATCTAAGGCGAATA-1,1.6750688026487301,-1.6391158278068088
male1_CAATGAACAGAAATGC-1,-1.3201738536281251,-4.926607784130492
male1_CAATGTGGTGGATGTC-1,1.1701667393418118,-0.20499000477251206
male1_CACATACAGACACCGC-1,3.787514233071192,0.24756023761715007
male1_CACCGGTAGACTTACA-1,3.3348548607492,-1.8336545034581602
male1_CACCTCAGTTCACTGT-1,3.716353256085845,-5.288770319022695
male1_CACCTGTTCTTGAGGT-1,0.28759545541964326,-1.498632635296514
male1_CACGCAATCGCTAGTG-1,0.6528114021144121,-1.7156748229191867
male1_CACTAAGGTTAGTACG-1,4.165140272638056,-4.644106486568079
male1_CACTAGCCATGAGTTT-1,0.7885133779973165,-0.5077631100393896
male1_CACTGACCACGTAATT-1,-0.46132277504236885,-0.6728438107699509
male1_CAGCATGTCAGCCAAT-1,4.1064059332946865,1.4018725445764753
male1_CAGCATTAGACAACGA-1,4.741235743423256,-3.0490864111634632
male1_CAGCTAAGTGGTTATG-1,1.2249751283599841,-1.4392741660861597
male1_CAGCTATAGGTTAGAG-1,3.275824509021497,0.9422242850479838
male1_CAGCTCAAGGCTATGT-1,2.8239801828143776,0.39161164818217886
male1_CAGGATGCAGATAGAC-1,3.25650613735641,-1.9272948199896789
male1_CATAAGCTCACTTCAT-1,2.5338099216816037,0.008257088465101651
male1_CATAATCCACCGTTCC-1,5.412258673805362,-0.713821746749188
male1_CATAGGCGTTCATTTG-1,-0.11922040977325635,-3.33592322932285
male1_CATAGGTTCCTTGCGT-1,5.408377971632795,-1.9310307837412142
male1_CATAGTCAGAACAAGT-1,-0.7715634473910281,1.1066556935059835
male1_CATAGTCAGGCCCAGT-1,4.403429779143297,-0.7669304070778843
male1_CATCGCTTCTCAATTC-1,2.565402090499717,-2.468102203881646
male1_CATTATGAGGTTAGCT-1,2.959674827949463,-4.6460658058860185
male1_CATTCATTCTGTAAGC-1,-1.0480803613000227,-1.087445011327513
male1_CATTGTGCACATTGCA-1,0.460029203966347,-1.564376852243911
male1_CCAAATCAGGCATTAC-1,-0.8443783997236918,-4.135522789119037
male1_CCAACATAGACAGGTA-1,1.8661480609927033,1.1370182252645105
male1_CCAAGTTAGTAACGGA-1,4.715690531272298,-3.224498490954999
male1_CCACAATAGGATCACT-1,-0.9367413453521318,-4.258893066526482
male1_CCATAGCCAGTTAGCC-1,4.5268586287236685,-2.7036204739311764
male1_CCATCACTCTTTAAGG-1,1.3221429514823835,-2.345624767173132
male1_CCATCATGTATTTGGG-1,1.8431030294570738,-1.3856119575203887
male1_CCCGCAACATGCATAT-1,2.2851348016138457,-2.194924549376952
male1_CCCGCTTCAGCAAGGC-1,3.6270718105187782,1.0160013558513483
male1_CCCGCTTCAGTTATGT-1,4.033887286488122,-2.16556995842585
male1_CCCGCTTCATCATGGC-1,0.6955830054398805,-0.01600659197679015
male1_CCCGTAAAGATAGACG-1,5.0154429379513115,-1.8400862897076862
male1_CCGTTGCGTGGGTGAA-1,5.212060957133759,-0.10210758993452435
male1_CCTAAGTAGCGCCTAA-1,-0.6271997708055378,-2.7740505331312577
male1_CCTAATAAGTTAGCTA-1,3.2709719963897146,1.1596501285967447
male1_CCTAATCGTCAATACG-1,-0.4944197031061834,-3.3120277943703744
male1_CCTACTGGTTTAGCTC-1,2.146279153242641,0.8654767170322112
male1_CCTCAAACAATATAGG-1,5.038569562776824,0.20891579264530336
male1_CCTCCTCTCCCGCATT-1,4.435604510625573,-0.6128883333792692
male1_CCTCCTGAGCAGGCCT-1,-0.8365074546794957,-2.3416536392230136
male1_CCTCCTGAGCTCAAAC-1,3.474498880966559,-0.2235435665101909
male1_CCTGAATAGTACTGGT-1,3.761556084293609,-3.857906127829434
male1_CCTGAGTCAAACATAG-1,4.5147164085096225,0.7501631067380425
male1_CCTGAGTCACAATTAC-1,3.5126100319042997,0.13405140842116617
male1_CCTGGTAAGTTGTCTT-1,-0.9700492640237757,-2.403347157658273
male1_CCTTCAATCTTGACCC-1,-0.5781585037532985,-2.130444417682598
male1_CGAAGCCTCCGCAACA-1,-0.5462107517859816,-1.0994855038580156
male1_CGAAGCGAGACAAAGT-1,-0.7134298198254581,-1.5307432236172371
male1_CGAAGCGAGTAAACCC-1,4.394541333875291,-0.3433143344755271
male1_CGAATATGTACGTTTC-1,3.5975155369410103,-5.050915544226863
male1_CGAGGTGAGCTTTGTT-1,4.726613366886721,-1.3672190336112893
male1_CGATTCCTCCAGGGAG-1,0.22346604978606918,-2.4425013750736464
male1_CGCAAATTCATTACGA-1,4.705657887240018,0.8658078207647624
male1_CGCAAATTCATTTGCT-1,3.61223616224336,1.511760287680057
male1_CGCAATCCAAAGCTAA-1,-0.12501767554851864,-1.832801665995289
male1_CGCAATTAGTTTGGTA-1,2.9877406066027405,-1.6886994994778461
male1_CGCACAATCAGTTCCC-1,0.8904421351367461,-0.5721222998340803
male1_CGCATTTGTGACATAT-1,3.782037753428181,-5.417004691369517
male1_CGCCAAATCCTCCTAA-1,4.387006504902301,-2.452993066240194
male1_CGCCACACAATGAGGT-1,3.7365469822315087,-2.8368456707706233
male1_CGCCTCATCATAACCA-1,3.725959050233408,-0.373662730499522
male1_CGCCTCATCCACCTGT-1,-0.7143583833140421,-1.1472928891963357
male1_CGCCTGTGTAGCCTCC-1,3.167649425578401,-0.3508080852959086
male1_CGCGGATTCCCAGTAG-1,3.9972987379154308,-1.5765779094293566
male1_CGCTGTGCAACTCGCG-1,3.618749563282065,0.5583852021186245
male1_CGCTTAACAGGATTAA-1,4.055421670706941,0.08428616070821834
male1_CGCTTGCGTTAGTTGG-1,2.6282417579533894,-2.897391091514077
male1_CGGAATCGTTCATCTA-1,2.8423105820238175,-5.138793254217128
male1_CGGACCTAGGAAGCAC-1,4.528706189486715,0.6051583043474085
male1_CGGATAAAGGTCTTGG-1,3.4735988395112622,-4.457446786988699
male1_CGGATAAAGTGTTGTA-1,4.791887380099185,-2.105728480092988
male1_CGGCCATAGGTTTGAC-1,3.185387346538231,0.44009574640227717
male1_CGGCTAATCTACTAAG-1,2.2699588256391623,1.2255846584476653
male1_CGGTTATAGGCCTAAT-1,-0.010282476009114897,1.1530072176185315
male1_CGGTTGGGTAATTAGC-1,3.8879962651166577,-5.309594821413019
male1_CGTAACCCACTAGCGT-1,2.8469266084828164,1.0601015740970052
male1_CGTAATGGTCATTGAG-1,4.403175896479984,-3.391306070092826
male1_CGTAGCGGTTGTGACA-1,2.3659656172198806,-0.17842942231308423
male1_CGTGAGGAGGACAACA-1,3.9045764677466654,-5.05947235327311
male1_CGTGAGGAGTGCTGTG-1,1.0163856297298417,-0.2514677767690812
male1_CGTTTCTCAACAGCCT-1,1.0024653257342837,0.08268171522533939
male1_CGTTTGGAGTACCGCA-1,5.702256456872661,-1.6639879199470387
male1_CTAAAGCTCATTGCAA-1,2.686130153618213,-3.652531184954315
male1_CTAAATGTCTTTGTAC-1,2.2083184680413703,-2.8830655582446
male1_CTAACCCTCTCACAAA-1,5.118233998842698,-1.2549246844412476
male1_CTACAACAGCTTATGA-1,2.4573388014451227,-1.842977855341547
male1_CTAGCTTGTCCACAAA-1,3.7365217437251905,-1.1144792383893776
male1_CTAGTAATCAGGTTTA-1,3.3555730843824056,-5.15090216184877
male1_CTAGTTGCATGTTTGG-1,2.4202889260093072,-4.487509691805304
male1_CTATGAGGTTGTAACG-1,4.883963142961143,0.33307017041019304
male1_CTCACAACAGGAACCA-1,4.777563287268646,-0.775412719557646
male1_CTCACTCAGTATTGGC-1,3.2352318282631427,1.291786534481646
male1_CTCAGGATCTCGCCCA-1,5.714182420928442,-1.202755765337732
male1_CTCATCATCACGCATG-1,0.6743911683415251,-1.3294379406543264
male1_CTCATTGTCTGGCTTC-1,0.46357486380604945,-0.04172273557121899
male1_CTCCAAACACCTGGTG-1,-1.3578645587253042,-1.7312254633563067
male1_CTCCATCAGGCAATAG-1,5.19569578708111,-2.882070346711412
male1_CTCCATCAGGCTAGAA-1,3.058064353569998,-4.940522862009134
male1_CTCCTAATCCGTTATT-1,4.730037683481609,1.0641615253675782
male1_CTCCTAATCGGCTATG-1,2.9696868752067025,1.4303218416879455
male1_CTCCTGAGTTTGTTGC-1,4.376985385036104,1.2035600235440889
male1_CTCTAAGCATCATGTG-1,4.053926437116656,-3.0556812258209605
male1_CTCTAGCTCGCTCACT-1,-0.3460098568157223,1.1633222942335972
male1_CTCTGTTCACATACTG-1,3.4695978272369814,0.9572004754515109
male1_CTCTTGATCGGTCAAT-1,3.3166084125901674,-1.3670033370924282
male1_CTGACATAGGTATTGC-1,4.907360293624802,-2.5094400379582944
male1_CTGACCAAGAGGAGGA-1,3.4522048623277417,-4.544277327154364
male1_CTGTACCTCCGGGACT-1,5.321321812237083,0.21154659520752042
male1_CTGTTCATCAAAGGCA-1,3.8762050061998705,-1.2809823160384546
male1_CTTAATGAGGCTAATC-1,2.0968756068884695,-1.1520118693012782
male1_CTTAGGAGTTTGGGTA-1,-0.5982272258932202,-0.9856612989083023
male1_CTTATTGGTGTTGTAG-1,5.301024270263382,-1.6753634428435982
male1_CTTGACGAGCTAATCA-1,3.480907981448786,-0.4923331411856322
male1_CTTGCAACACCTGTAA-1,2.6743593154665306,0.22991741548627775
male1_CTTGCGCGTCCTCCAA-1,4.691738258244166,-1.9006071867235719
male1_CTTGTTTAGGGACTAA-1,0.1912775643688456,-3.406400930283383
male1_CTTTGGGAGAGGAGGA-1,0.031108577536900415,-2.9499838782701815
male1_CTTTGGGAGTCATTTC-1,0.12953822747879187,-2.240402329249182
male1_CTTTGTCCACAACCTA-1,4.562301117678792,-0.9284711623641191
male1_GAAACTGAGGATTGAG-1,2.7742007036642264,-0.725730951191485
male1_GAACCAGCACCTGGTG-1,3.181048954512889,-1.5080344277998907
male1_GAAGCCTGTAAGCTTG-1,3.2616473326603126,-0.6160829296553515
male1_GAAGGAACAAATTCGT-1,4.602200316364727,-3.254514209537477
male1_GAAGGAACAATACTGT-1,3.4238925165212937,-5.297467430271581
male1_GAAGGATGTCATAGAT-1,5.545226203040591,-1.0861024741085425
male1_GAAGTAAGTCAATAGT-1,0.036864227747485386,-1.9025259535200008
male1_GAAGTATAGCACAGAA-1,3.837962881987085,-1.9437134111045176
male1_GAAGTCAAGTTGCGTG-1,0.20874746938756938,-2.6490561620931192
male1_GACCGAACAGCTTACA-1,-0.726267370138713,-0.6395301894237658
male1_GACCTTTGTGCAATGC-1,3.3224710836714095,-0.9292476105085997
male1_GACGCAACAACCCTAA-1,3.414226666176876,-0.4087040182840079
male1_GACTTGGTCCTGGTGA-1,2.9389117221468393,-3.181502703903259
male1_GAGAGGCGTTAAGCTG-1,-0.331077583170707,-1.0211469088856526
male1_GAGATAAGTTAGGATT-1,2.936296860636876,-0.14230609704988548
male1_GAGCGATAGGTGCGGA-1,2.991560971320999,0.9381401497470331
male1_GAGGACTAGACAACAG-1,4.467225638453352,-2.541598547370191
male1_GAGGCAAGTTCACTGT-1,-0.26239074258301653,0.35572354629062597
male1_GAGTAATAGCTTAGTA-1,-0.4638200067841761,0.47056284585557584
male1_GAGTATCTCCAACTGG-1,2.788013972455373,0.7479223082212717
male1_GAGTCAAAGGCATTAC-1,-0.5222351502476009,-1.3921833085774975
male1_GAGTGTTTCAGTATTG-1,1.6037935019197789,-1.4263909058237128
male1_GAGTTGCGTGGTGAGA-1,0.3068135765952906,-1.8965324578789087
male1_GATCAGGCATTAAGCT-1,-0.2687510325632758,-3.973038868658111
male1_GATGCTTAGCCTAATA-1,4.846076116751557,0.7176846704287048
male1_GATTAGCTCGATAACC-1,4.868675336843627,0.14300759362096163
male1_GATTAGCTCGTTACTT-1,0.22577479318626067,-3.2534270311106406
male1_GATTATGTCCCTCAAC-1,-0.13183681643447367,-2.5849193783652273
male1_GATTATGTCTTAGGGT-1,4.910147416326943,-0.3410307264824198
male1_GATTGTTCAACTGGGA-1,1.4328974704919912,-1.9374185133018162
male1_GCACATTAGGCTACTG-1,3.3772860587152045,0.14881898153323606
male1_GCAGGCAAGGCTTAAC-1,0.5834724346307776,-2.6585360817687893
male1_GCAGGTTGTGTGCACG-1,4.0902518058068615,0.5144911904074687
male1_GCCAGGAAGGCTGGCT-1,4.53842142426821,-1.923931980134362
male1_GCCATGATCCCGCCTA-1,5.832967923243168,-0.9888638550327004
male1_GCCATGATCTTTGAGA-1,5.144773693876613,-0.3300225799007806
male1_GCCTCGACAGTTTGTG-1,3.2483046608448287,0.718990186717476
male1_GCCTGACAGCTCAATA-1,1.41487226488176,-0.1723601077603592
male1_GCCTGAGGTTATCCTA-1,3.960150252639069,0.5490062141284626
male1_GCCTTAGAGTTCCCAC-1,2.807436030301951,-3.959811734397852
male1_GCCTTTATCCGTCCAT-1,4.2038526633231115,-0.01580914845940206
male1_GCGAAGCCAATATGGA-1,1.4834911357221876,-1.5538754995057422
male1_GCGATATTCCTAGTTT-1,3.9034510268941407,0.6561651012913358
male1_GCGCAATGTGTTTCAC-1,5.253433801362849,-2.6499038841694644
male1_GCGCCTTGTCATGCCC-1,5.195716508434344,-1.385838310924558
male1_GCGCCTTGTGAGGTAG-1,0.07940042141691875,-0.2536537719247317
male1_GCGCTTAAGTTATGTG-1,4.797103170835998,-1.693737697982096
male1_GCGGTTATCACCTGTC-1,4.8344354529918405,-2.9246153515100857
male1_GCGTAACGTAATCCCT-1,0.4475523124855885,-2.0768140599060625
male1_GCGTTTCTCTATGACA-1,2.9169666075123777,-4.385859229405016
male1_GCGTTTCTCTTAAGTG-1,-1.7492312784761515,-1.715948467486637
male1_GCTAACAGTCCTAATC-1,4.411955661541581,-3.5061797890469997
male1_GCTATAGGTCAACAAT-1,-0.29705028174883025,-2.288549937732285
male1_GCTCACAAGTAGCGGG-1,1.7816989545193507,-1.7708177833908763
male1_GCTCATTGTCATAAGT-1,-0.46095047191135835,-2.3449881020262957
male1_GCTCATTGTGTGTCCC-1,4.420635368528827,-1.481977052603388
male1_GCTCCTTAGGCATTAC-1,2.3987486528473805,1.3174055648738687
male1_GCTGCAATCCTAGTCC-1,0.011564847779978961,-3.532981208658137
male1_GCTTAACAGGCTTAGT-1,3.038811883247928,-4.78251933206282
male1_GCTTGACCACCCTCAC-1,3.2254417347098614,0.130101947793981
male1_GCTTGTTGTTGAGGTC-1,3.8970978871455664,-2.648459334755425
male1_GGAACCACAACTAGCC-1,5.237355293553778,-2.2909445096235737
male1_GGAACCACACCATATG-1,4.391729859717769,-0.20277096454799814
male1_GGAAGCTAGTCACCTC-1,0.9953441900298643,-0.7193901105977282
male1_GGACCGAAGGGTGAAC-1,-0.09066858480690836,-3.4930588104599787
male1_GGAGGTTAGTAATCCA-1,0.0558735349778434,-3.168754672256137
male1_GGAGTGAGTACCTTAC-1,4.393642817750555,-4.395482969287695
male1_GGATATTGTCAGTAAT-1,0.9290191572939047,-2.20569484468453
male1_GGATATTGTGGAGCAA-1,4.150319503103099,-2.320201938779226
male1_GGATTCAGTGTGTGGT-1,2.3835954671950486,-4.269324938710502
male1_GGATTCAGTTGGATCA-1,-0.7471043909720316,0.7818219222257383
male1_GGCAAATCATTGCGGT-1,1.9582305529991004,-3.146012887963408
male1_GGCAGGATCGCATTAA-1,3.7286890051514003,0.8128385870043628
male1_GGCATGGAGAAGCTAG-1,5.302139228599037,0.06877157626504174
male1_GGCATTGTCGCAATCG-1,-0.42727882567958686,-2.517629197373149
male1_GGCCGTTAGGTTACGT-1,3.4698694690262686,-1.0576858629102917
male1_GGCTAGACAAATTCGT-1,4.505634331903809,-1.1271556237654097
male1_GGCTAGTGTCCTTAGT-1,2.2654316251115083,-0.4791700178610271
male1_GGCTCAATCATGGTTA-1,-0.8952422883491592,-1.4983474076111878
male1_GGCTGAGAGCGATACT-1,3.3610307407946216,0.7528473391850967
male1_GGCTGGTTCACCAATA-1,0.6274908290090584,-0.9159737632328693
male1_GGCTGGTTCCATAAGC-1,3.088359891662848,1.0113702758053973
male1_GGCTGGTTCCCGAAGC-1,3.9772096642200037,-0.6395760582000222
male1_GGGCGAATCAAACCTA-1,4.150769291860114,0.3752740062941116
male1_GGGTTTGTCAGTATTG-1,3.7959249939850084,-4.483298117707924
male1_GGTAACCGTAAGGTCC-1,3.5460752685206516,-3.157298568186213
male1_GGTAATTGTACGCGCA-1,5.84738716931545,-0.4551369879720573
male1_GGTACTTAGTAAGGGC-1,-0.9068624980311969,-1.374191874782276
male1_GGTCAAGCAATCATGT-1,3.0105546624140103,-2.450055186911337
male1_GGTCAGGAGTTAGTTG-1,3.7373955366434544,-0.6615059241555178
male1_GGTCTTGAGGTCCTAG-1,3.2168345536974936,0.28813691682528303
male1_GGTGAGTAGTCTTGAA-1,4.970774753222782,0.6630230806340703
male1_GGTGATTTCCTAAATG-1,0.18853821597487147,-1.2045883534567772
male1_GGTTACCCAAGTCGCT-1,3.080814893971315,1.3132342003034716
male1_GGTTATATCGCACAAT-1,1.6021863747598444,-1.998086356960599
male1_GGTTATATCTATCGCC-1,5.00952307811468,-0.30557974665828413
male1_GGTTGCTCATTAGGCC-1,3.759390573858281,-4.037522621592074
male1_GTACAATGTCCGGTTC-1,5.002665028752588,0.7780352500148068
male1_GTACACCCAACAGGTG-1,3.8767141691114158,0.579793940484712
male1_GTACGTAGTACTTAGG-1,3.5924755238624275,-0.18497936378021027
male1_GTACTTAAGGGATGAC-1,0.2918172688486955,-2.7353884883467434
male1_GTAGCCATCTGGCATG-1,4.2142374954180575,-4.995049419783147
male1_GTAGGAGGTTACAACG-1,3.2866692684961722,-4.7917240501052945
male1_GTAGGATCACGCAACT-1,4.845263749742407,-1.8684150635814856
male1_GTAGGCGAGGTAAGGC-1,0.3040347434426564,-1.9818297011110626
male1_GTATCGCCAGGCTAGA-1,3.564681681789599,-1.5708365107609028
male1_GTCAAACTCGCTATGG-1,0.8770549365871646,0.11909834611017475
male1_GTCATGAGTAGCTGCG-1,-0.12060033699998318,-0.8029725156389718
male1_GTCGAAGCAGTGAACG-1,3.401612295722627,-1.6957113008017926
male1_GTCGAAGCATCCTAGA-1,-0.08332656625775323,-1.5701532771857456
male1_GTCGCAATCTGGCAAT-1,3.6644792946480242,0.41286041727757206
male1_GTCTATGCAACGTGCT-1,0.6831206266903327,-0.6896169732092919
male1_GTCTCACTCTAGCTAA-1,-0.9548119905022232,-1.8423711190808272
male1_GTGCATTAGCGATAAG-1,4.59421884586682,0.07570568400529985
male1_GTGCCTTTCTATTGTC-1,3.1577788683056416,0.9244046947034764
male1_GTGCTCCGTGGGTGAA-1,2.870774588590422,0.29435262418373426
male1_GTGCTGATCAAACTCA-1,-1.2041991611202982,-1.7560557618023664
male1_GTGTTCCTCGCTAAAC-1,1.5965404338673932,-0.11750575734982951
male1_GTTAACCAGGCAATAG-1,-0.48918213801374166,1.4418076147822083
male1_GTTACTCGTCAACAAT-1,-0.8604180838822774,-1.7171393619268915
male1_GTTACTCGTCCGGTTC-1,2.3186521564292844,0.8495469042596651
male1_GTTAGGCGTGGATTGC-1,6.065202422734642,-0.21550075559645632
male1_GTTCACCTCCCTCAAC-1,1.466584332749992,-1.6976728766252795
male1_GTTCACCTCTGTGCAG-1,4.386635836861587,-3.170078252015465
male1_GTTCCCAGTTTAGCGA-1,0.7914560221450775,-1.3550688718108246
male1_GTTGCCCGTAAGCTCA-1,4.417778948081307,-2.8491300267313493
male1_GTTGCCCGTGTTAGCA-1,-1.1781107883280344,-2.423536815163211
male1_GTTTAGCAGTAAGTGG-1,2.2712929964012303,0.6893958657175442
male1_GTTTATCTCGTTTCGC-1,5.282678215550602,-0.22917945897557446
male1_GTTTCTAGTGCATTTC-1,3.1973723681556523,-1.1195897394004029
male1_GTTTGTTTCAATCTCT-1,5.226975739889265,0.7215330277819172
male1_TAAGCCTAGAGCAAGC-1,4.766311115631007,-3.7090987845356316
male1_TAATCACCAGCACCAT-1,-1.428848398208704,-1.5706326098403303
male1_TAATCCGCAAGCCACT-1,3.884979914928726,-0.06230771321470685
male1_TACAATGTCGCACAAT-1,1.1905752683433326,-0.051719320877139936
male1_TACAATGTCTTGACCC-1,3.7807862899223683,1.1354464494851195
male1_TACCTGCTCATGTTTC-1,-0.08801663299461882,1.4334359032847233
male1_TACCTTTAGCTAATTG-1,-1.1252645339866185,-1.4843703028812694
male1_TACGGTTAGGTAGCTT-1,1.800173168824296,-1.5978615610133418
male1_TACGTACAGTCCTTCA-1,3.1480987811467043,1.0699952386517246
male1_TACTCAAAGGAGTCTT-1,4.142570908856043,-5.091166714633927
male1_TACTGACAGGCGTAAA-1,-0.14144486297883788,-1.7260456209432007
male1_TACTGAGGTTTGTGGA-1,5.137055683994022,-0.5808444655223552
male1_TACTGCACATCGTTCT-1,3.5052411142124265,0.3430087066928526
male1_TACTTGTTCTTCAATC-1,1.4968426913770654,0.40578272882770755
male1_TAGCGGCTCTCGCCCA-1,2.665798598968542,0.4346350462777583
male1_TAGCTAGGTGATGGCT-1,3.7534118477432865,-1.5482484811735928
male1_TAGGAGGGTGGATTGC-1,-0.3166005446590486,-2.5996155896092192
male1_TAGGTTATCCACCCTG-1,2.385081246775589,-2.6471895147890656
male1_TATAACCCATCGCTCC-1,-0.6274336264633784,-1.627145515434806
male1_TATATCCTCTAGCGAT-1,4.0766987373106405,-2.5598561145218337
male1_TATGCATCACGCAACT-1,4.921502896848907,0.9876678636815129
male1_TATTACCTCCTTAATC-1,-0.3402916639928802,-3.6348467891199228
male1_TATTAGGTCCCGTTTA-1,5.23718952670696,-1.1822932042975347
male1_TCAACAATCCTCAGCT-1,0.27998661770332545,-0.8842212328229023
male1_TCAAGACTCGCTATGG-1,0.30218085555452806,-2.081460810573017
male1_TCAAGCTAGTCACCTC-1,-0.18735258932034313,-1.504672284638783
male1_TCAAGGAAGTAGGCGG-1,0.5339576150628641,-1.1361068422719682
male1_TCAAGGTTCGTACCGA-1,4.170915605550716,-4.313469132332232
male1_TCAAGGTTCTAATTGG-1,2.777229895442873,-4.751169823083454
male1_TCAGCGATCCAATTAG-1,3.0334210458217825,-2.201704026117858
male1_TCAGGTCCAACACTTG-1,3.653560634039488,-2.7887594626307437
male1_TCAGGTCCAGTTATGT-1,2.7016141905491162,-0.34279036690306275
male1_TCAGTAGGTAACTACG-1,4.494993448874454,1.2354053942640317
male1_TCATAACCAGCTTAGC-1,0.22599302898344975,-0.041400889625519716
male1_TCATTGCGTGGGTACT-1,-0.19472914941843286,-0.9605576381060245
male1_TCCCTCACATTCAGCA-1,3.8093566719917886,-4.911729130879187
male1_TCCGGTTTCTTGTCTG-1,2.71217939185148,1.0848393703231045
male1_TCCTGGTTCGCAATCG-1,4.11122068581198,-1.7505390088499033
male1_TCCTGTTCATCATGTG-1,3.177235063642629,-2.403928132303467
male1_TCGATTAAGTTACCGG-1,3.6848257652020044,-0.09098271364860464
male1_TCGGTTCTCGCAAACT-1,4.813917114918083,0.621809275160626
male1_TCGTAATCAGCTAATT-1,2.961919574164217,-1.880344996184187
male1_TCGTGCTTCTAGCTAA-1,4.294770335989765,-4.216939330568233
male1_TCGTTATTCTGTTGCC-1,4.394729714266064,1.0175621782808333
male1_TCGTTATTCTTGCAGG-1,3.8014674735134144,-1.4258382035182267
male1_TCTAACTTCAAAGGCA-1,3.5667925601224675,-0.01710803224618009
male1_TCTAGCGAGGCCCAGT-1,2.7608875694917034,-2.176001437653861
male1_TCTCAAGCAAAGGTAC-1,-0.11554458009404371,-0.4091733025723257
male1_TCTCCTCGTAAGCACC-1,4.696751364577135,-1.7290319248877708
male1_TCTTGACGTCAACAAT-1,3.627261524680232,-5.39635744160044
male1_TCTTGACGTCCCGGAA-1,4.22191168373911,-0.7964313857070553
male1_TCTTTGTAGTAGGATG-1,5.905071231601787,-0.8817546950217862
male1_TCTTTGTAGTTTGCGG-1,1.2547142341804867,0.07206423719639322
male1_TGAAACTGTACGGTAC-1,-0.3892414503643969,-2.3420621884142268
male1_TGACCTTGTTTGAGGC-1,3.5513060734989144,-0.4751635100681791
male1_TGACTCCTCAAGACTC-1,4.408952505124769,-0.9353850944373144
male1_TGAGGAGGTTGAAGCC-1,4.157498346014107,-0.26430425473450336
male1_TGAGTGAAGTCACTAA-1,2.16614344452046,-2.031771023994376
male1_TGAGTTTCAAGGTACG-1,5.150851312590151,0.18398266598637314
male1_TGATCAATCACTAAGC-1,-0.6756439861971983,-2.662065612940661
male1_TGATCCTGTCGAAGTC-1,4.220235438086265,-3.1589389964144696
male1_TGATGACTCTCACACC-1,3.668786466026567,-2.161779453624567
male1_TGATGATGTGCTAGAC-1,4.0042640169335515,-5.173005119782489
male1_TGCAATATCCTAATAG-1,3.2598645970180593,-4.9509487956629865
male1_TGCACACCACTTAACG-1,3.2532664547484504,-5.073657218174395
male1_TGCGATTAGCGAGCGA-1,2.3141844423051223,-0.8717259105323238
male1_TGCGATTAGTTTCCGC-1,3.5891407447103854,-1.9236179381770449
male1_TGCGCAGGTTACTTCA-1,1.669890457264763,-2.3687211507344252
male1_TGCTAGCCACAGACTC-1,3.9328881190990024,-4.601487385782361
male1_TGCTCCGTCCCATAAA-1,2.0254016616216894,-1.4614409383593279
male1_TGCTCCGTCGAAGTGA-1,-0.08296259435610685,-0.7204358480814154
male1_TGCTTCCAGTAGAGGC-1,2.5524250676844686,0.14625074055045684
male1_TGCTTCCAGTTCCTGC-1,4.913080094730965,-3.0447882703135094
male1_TGCTTGTGTCATAACG-1,2.7311691213303155,-1.3630374793376452
male1_TGGCCTTTCCGCCTAT-1,-0.7973328443563998,-3.9009351694479593
male1_TGGCCTTTCGATATTG-1,2.347056928413388,-4.595627593921217
male1_TGGCTAAGTGCTGTAA-1,3.104958601710995,-1.401170647853992
male1_TGGCTAAGTTGTCATC-1,5.19209036997077,-2.1001149335124967
male1_TGGCTTTGTGGACCTG-1,3.8048772625255878,-5.176434866328479
male1_TGGTCAGTCATCCTGC-1,4.617284293837497,-3.6768346917193124
male1_TGGTCAGTCCTGGCTT-1,3.1905469719084394,-4.621084414579238
male1_TGGTCATAGCTGCACA-1,-0.6183586505238817,-2.249847387488502
male1_TGGTCCTTCTGGCATG-1,3.923639961029784,1.1260796438416463
male1_TGGTGATTCATGCCTC-1,3.811722303742134,-0.2243876169119653
male1_TGGTGATTCGCAATCG-1,-1.0072237597240634,-2.018012453323114
male1_TGGTGATTCTAACCAA-1,3.592292389070181,0.8878137249861492
male1_TGGTGCATCTCTAGCC-1,3.692331346600179,0.6366624692012394
male1_TGGTTCTGTAGTTGGC-1,1.0911286780418943,0.30945117662375304
male1_TGGTTGAGTAATCCCT-1,5.392986154502647,-2.4658611866732847
male1_TGGTTGAGTCATAACG-1,3.834199099064483,-1.1021982164082929
male1_TGTAAGTGTTACGCGG-1,4.026465144630851,-4.351352123145521
male1_TGTCAATCAAACAACA-1,3.4352603435389986,-4.970613013972139
male1_TGTGAAACACAACAGG-1,-0.703845219866768,-1.2930741157180454
male1_TGTGATCAGTCCTTTG-1,3.5275159662676927,0.8743362592380547
male1_TGTGCGGGTGCAACTA-1,3.9206764528342934,-2.069248938029503
male1_TGTGGCTCAGGTTATT-1,5.194757448668627,-1.9897890946033485
male1_TGTTACTTCAATGACC-1,3.5388732238884457,-4.768790308516506
male1_TGTTATGAGTGAGCGG-1,1.7603109872069576,0.3222926201093052
male1_TGTTCATTCTTAAGTG-1,-0.6448152480490448,-3.669649091160934
male1_TGTTGCACACTGACTA-1,1.9676328634170799,-1.6916152876739146
male1_TGTTGTGCACTAGCGT-1,1.1788493765648764,-1.7187250264220884
male1_TTAAAGGCAAGTGTCC-1,-1.1438839520565567,-1.2736834292155086
male1_TTAACCAAGCCTAATA-1,4.844934372299717,-1.995227303905129
male1_TTACCTGTCGTTTCTG-1,-0.3041049783287375,-2.831974879412478
male1_TTAGCTGCAGAGAGCC-1,3.2790671428395863,-2.523878157369814
male1_TTAGCTGCATATAACC-1,0.894400993520943,-0.6015476323167637
male1_TTATTGCTCATTAGCA-1,1.4923040241146133,-2.1644245556617143
male1_TTCAGCACAGGCCTTG-1,-0.4498905358677845,-1.6235036523772894
male1_TTCAGTTTCGCAACAT-1,3.169062884260001,0.8469068622971508
male1_TTCATCCCACCTGTAA-1,5.273916580407404,-0.6731298253591267
male1_TTCCACGGTCACTCGC-1,-0.4494907514344688,-2.015339842730119
male1_TTCGCAACAAACTGTT-1,2.7725072831105417,1.4054439675892099
male1_TTCGGTACAACACCTA-1,2.990852159770067,-0.7769100501930511
male1_TTCGTGCTCTGTAAGC-1,4.597311546937217,-2.0475173619538145
male1_TTGACATCATAGACCC-1,4.910312244346653,-2.236523793879984
male1_TTGCCCGTCATAACGC-1,2.5198560305775457,0.5798735470540901
male1_TTGCGAGTCCAAATCA-1,3.3484762659539973,0.02546341189523494
male1_TTGCTTAGTCATTACC-1,1.828141821077843,-1.0430764067701117
male1_TTGCTTTAGGATCCGC-1,5.032674802932394,-1.0421256811337198
male1_TTGGAGGCAAGTGTTT-1,3.3740482595238848,0.2997914990400951
male1_TTGGCGGGTGCTAGCG-1,0.2742733468967012,1.3406143917718698
male1_TTGGCTGAGGCAATAG-1,4.1757687084569755,-4.184284518647516
male1_TTGGCTGAGTCAGGCC-1,3.5224747492647746,0.6838148841071134
male1_TTGGCTGAGTTTCCGC-1,-0.3418935409938339,-2.1905931848041615
male1_TTGGGCCAGCCTGAGC-1,4.139917734573265,-2.8815321248614847
male1_TTGGGCCAGTCACCTC-1,5.363617203671414,-1.1074011744697998
male1_TTGGGCGGTGTCACGG-1,5.0233300046362315,-0.811389645591423
male1_TTGGGTTAGCGAGGTG-1,2.1471813117637817,-1.6341920794485343
male1_TTGGTGAGTTAGAGGG-1,1.3536180498064903,-1.3250695508152934
male1_TTGTCAAAGTGAGGTA-1,1.750874692460305,0.599410702439717
male1_TTGTCCATCGGTTTGG-1,-1.1382148999320574,-1.37234206684272
male1_TTGTGAGGTAAGGTTT-1,-1.430156555400947,-2.037284750104908
male1_TTGTTTGGTAAACAAG-1,0.16533076143275766,-2.022458452588943
male1_TTTCACCCAGCAATAA-1,2.0704054625173365,-3.0835152992327814
male1_TTTCCACCAAGGTAAC-1,3.592946863215242,-5.202517224458197
male1_TTTCCACCAGCCAGTT-1,2.9804340395089035,-5.0800004866445745
male1_TTTCCGGGTAATTAGC-1,-1.0412367921341918,-1.6087297614417546
male1_TTTGGTAAGGACCTTG-1,2.936429041040728,-0.4086689138737977
male1_TTTGGTAAGGCATGAA-1,-0.15500194600547,-2.815258467512307
male1_TTTGGTAAGGGTTAGA-1,0.4180468837406669,-0.5850558017769387
male1_TTTGTCCCAACTGGCT-1,3.707657635290902,-3.0634135001249083
male1_TTTGTCCCAAGATTCT-1,-0.5711373326740232,-1.5049246666186504
male1_TTTGTGAAGCACTAAC-1,4.135783006683159,1.0396312641186454
male1_TTTGTGGCAAACGCGA-1,4.3835649550291285,0.08394902756191888
female2_AAACCGCGTTGACTTC-1,-2.492494326792555,-5.471512727318351
female2_AAAGCACCAGTAGGAT-1,-2.8683074332904717,-0.6854614804678694
female2_AAAGCCCGTTACTTCA-1,-0.2514726844077244,-0.4704449384706648
female2_AACAAGCCATTGTGAT-1,-2.8440551980406927,-5.414259701632895
female2_AACAGGATCCTGATGG-1,-0.6222465265152839,0.5388774864818033
female2_AACGACAAGGCTAGAA-1,1.1540939422533212,0.7731734463838493
female2_AACGACAAGGTACCGC-1,-2.351113328793514,-2.4151147339499355
female2_AAGAACAGTCATTACC-1,0.9290289558548154,0.9278797946593483
female2_AAGCATGAGTTGGGCC-1,-1.6825363468223118,1.7624913688579926
female2_AAGCGAGGTCACACCC-1,1.3590727498765296,1.5302257868659306
female2_AAGCGCTGTTGCTTCG-1,-3.3832237626886728,1.819410745511343
female2_AAGGCCCTCGTTAAGC-1,-1.4846580110899021,-3.588308611815143
female2_AAGTCTATCCTGCGAA-1,-1.8453118855758932,-4.242741123533414
female2_AAGTGAAGTATTTGCC-1,0.3834311428810774,0.7203226532176608
female2_AAGTGCAAGCCTCTCG-1,-3.899855530326755,-0.5169780931129055
female2_AAGTGTTGTAAGCACC-1,-0.7753460578272648,0.7031298825898356
female2_AATACCGGTTTGGCTT-1,-1.9230053802361418,1.9867969573673454
female2_AATCCGTAGCCGCAGT-1,-2.1281887070603447,-5.472317588905089
female2_AATCTTGAGCGAAGTA-1,1.3472903020388214,1.6585700659518825
female2_AATTGACGTTGCACAA-1,-2.963364203225264,-1.9249799527856002
female2_AATTGCTCAGCCTGCA-1,-4.0860903655819145,-0.9479300040908802
female2_AATTTGGTCTGTGCAG-1,-1.7582319388685475,-5.525407354824893
female2_ACACTAGGTTATGTGG-1,-1.763395920038244,-5.106211825901332
female2_ACACTAGGTTGTTGTC-1,-2.769190700263385,-1.5733160960872596
female2_ACACTAGGTTTGTCTA-1,-0.3875125864515506,0.7045248677776559
female2_ACAGCCGGTTAGGATT-1,-1.2999636156674836,2.4004313750807227
female2_ACATTAGTCATCACTT-1,-0.6679116667813543,0.9701474848987012
female2_ACCACACCAGGCCAAA-1,-3.222482827881495,-0.8855738066593307
female2_ACCAGGACACAAAGCG-1,0.6364721945413656,1.104042394057969
female2_ACCAGGGAGGTTAGAG-1,0.2603999492945019,1.7372304837435026
female2_ACCCGCTGTACGGTAC-1,-3.6901726228991656,0.7731576371554728
female2_ACCTTGCTCAGGTTTA-1,-0.4565932129816748,-0.607868682983562
female2_ACCTTGCTCGGTAACT-1,-1.6414518807853904,-4.8115949464417955
female2_ACGACAAAGCCAAATC-1,0.8248146314625369,1.3145651371074507
female2_ACGACAAAGGACCGCT-1,-2.8364988438692667,-0.9023642509763603
female2_ACGAGTAAGCGTGCGT-1,-3.0059573019853136,-4.1969809493326045
female2_ACGCCACAGATAGACG-1,0.04226582365365478,-0.7262409529001167
female2_ACGCCTAAGGCAAGTA-1,0.6059674985830684,2.296623615737782
female2_ACGCTTGAGGTTAGCT-1,-1.7160012597686771,-3.839354538603923
female2_ACGTACCCAAACTGTT-1,-3.570463559572729,-3.4204771843961956
female2_ACTAACCAGACAACAG-1,-1.315546180317509,3.1616694297334056
female2_ACTAACTCAATAACCT-1,1.2935564104212933,0.800121134557351
female2_ACTTACAAGGGTGAGT-1,0.11167014933067719,1.5179806352459966
female2_AGAAACTAGTAATCCA-1,-2.123848197913293,2.0466501187415442
female2_AGACAATAGGCTTAGT-1,0.2933324911967228,-0.1885781354169939
female2_AGAGGATGTTACAAAC-1,-2.4697002254442277,-5.2419658676750815
female2_AGAGGATGTTGTTGCT-1,0.11816975753251138,0.7936654510347444
female2_AGATGAAGTCGACTCC-1,-1.5368835791142559,-3.9913674777753174
female2_AGCAAGGGTCATAGAT-1,-3.8431252555458495,-2.2216602295316403
female2_AGCAATTGTCAGGAAG-1,-3.7928947162981377,-0.7072954519097795
female2_AGCACTAGTTTGCTGT-1,-0.2219132203397847,1.7794306615810567
female2_AGCACTTAGGCAAGTA-1,-1.5546706408272744,-4.640983984437003
female2_AGCAGGTAGGTGAGAC-1,-3.5428494350017097,1.2541274522304837
female2_AGCATTTCATCCCGCT-1,-0.4035389327315546,2.728171333409734
female2_AGCCAGTGTGAGAAAC-1,-3.8501731318094463,-3.0163393537641277
female2_AGCCTAAGTTGAAGCC-1,-0.6845617983985398,2.696513150001474
female2_AGCTACTAGGTAACGA-1,-1.5762048328189349,1.8729930844077431
female2_AGCTATATCCCGCAAA-1,-3.042296143028925,-2.542112133838514
female2_AGCTGCTCAGTAAGTA-1,-0.20758729196778422,2.0961260585068624
female2_AGCTTGGTCTGTGAGT-1,0.616089186594369,1.7352645199537855
female2_AGGACTAAGCATGCAT-1,1.3857690517987942,1.209987338580237
female2_AGGACTAAGGTGCGGA-1,-0.09315464678206262,1.2815287854043522
female2_AGGATATAGGTTACAC-1,-3.4891847997726844,-1.0591565179844304
female2_AGGCGGATCGCATCCT-1,1.7282058514008107,-0.013621978997467067
female2_AGGTCTTAGGCTGGCT-1,-2.4491663320921053,-5.701752479322441
female2_AGGTTAGAGCAGCTAT-1,-3.9614264215033947,1.0353254276899782
female2_AGGTTAGAGTCATTTC-1,0.7252377136703322,1.4545378417655785
female2_AGTCCTTGTGTGTGGT-1,-3.5298557709658094,-0.2186116889893469
female2_AGTGATGAGGCCTTAG-1,-2.0921537569535147,2.7257282727021703
female2_AGTGCCGGTCTAACCT-1,0.16492775834413348,1.2563844428782807
female2_AGTTACTCAGTTTACG-1,0.9160351052362358,1.9155897045692287
female2_AGTTGTCAGCAACATC-1,-2.9334304238608913,1.4733607817950958
female2_AGTTGTCAGGCGGATG-1,-2.076503500891777,1.7539132334884082
female2_ATAAGCCTCTTGCAGG-1,-2.583847780788591,1.2900325801227035
female2_ATAAGCCTCTTTGACT-1,-4.006296963333272,-2.699792567929097
female2_ATAAGTCGTAGGTTTG-1,-2.2204633322292384,-0.280154053378
female2_ATAGGTACAAGTCGCT-1,-3.7033515499987955,-3.633835193720477
female2_ATCACCCTCCCGAACA-1,-2.643610984969567,-3.236050811506486
female2_ATCCCGCGTGCAATGC-1,-4.240109536732996,-1.2041680493617164
female2_ATCGCCCGTTAACGGC-1,-0.04819490848238882,0.9474339567020553
female2_ATGAAGTAGAGCCGCT-1,-1.0644612952087953,-1.5388064609512622
female2_ATGACTCAGGTGTCCA-1,-3.91130058381653,-0.9626608483406323
female2_ATGCTTAAGATGCCTG-1,-3.468114366905769,-3.4901509025394004
female2_ATTGACTCAAACTGTT-1,0.8902834850373624,1.5017095713501558
female2_ATTGCTCGTGCAATAT-1,-3.5044818746221016,-3.9341378781824083
female2_ATTGCTCGTTCCGGCT-1,-4.030803140196654,-2.8849086827015706
female2_CAAACAACATCTTGAG-1,0.30230746507487294,0.35553678767029195
female2_CAAACTGGTCCTTAGT-1,-2.757710564816086,-1.8365698088622833
female2_CAAAGTGAGATGGAGC-1,0.94180098159414,1.1802045277984996
female2_CAAAGTGAGTGAGCGG-1,-0.7080476811911941,-0.46470790123291456
female2_CAACAGGCACAATTAC-1,1.0630063888701284,0.6776762576196554
female2_CAACAGGCAGCCGCTA-1,-3.96048829288763,-3.1198191293453883
female2_CAACTAATCAGCACGC-1,-2.6197435648159932,2.2169719673035653
female2_CAAGAACCACTTGTTC-1,-3.117035499757739,-0.4455453783846057
female2_CAAGAACCAGGCCATT-1,-0.9323149099739593,2.2585464078966218
female2_CAAGAACCAGTAGGTG-1,-1.98563050079773,-1.4376490793204915
female2_CAAGGTTTCGTTTCCA-1,-2.853766374908836,-2.6291054752998324
female2_CAAGTTATCCTGTTCA-1,-2.3331288357703177,1.706112646519129
female2_CAATAAGCAATTTAGC-1,-4.379444046730344,-0.32749384170726775
female2_CAATAGCTCACACAGT-1,-1.2653525845431495,-4.175413079170791
female2_CAATAGCTCGAAGCGG-1,-2.7098517315150903,2.571103815641562
female2_CAATCGCCACTTAACG-1,-0.6790563355062847,0.2933134865771423
female2_CAATGCCCATGAGCAG-1,-2.06064903370911,-5.092419178441348
female2_CACCAACCAAGTAAGC-1,-3.262218111654851,-2.757207400839972
female2_CACCGGTAGCACGTTG-1,-0.9830485575886462,-1.3555596355417467
female2_CAGCAAGCAGGCATGA-1,-1.80803065032733,2.3730697788283615
female2_CAGCATGTCAGTGAAG-1,-3.6530149177198505,0.6405705350327101
female2_CAGCCAATCTACCTGC-1,-2.9893240983974416,0.36517545460593387
female2_CAGGACACACCGGTAT-1,-1.7778444372994984,-5.304949851017715
female2_CAGGATGCACCATATG-1,-1.9142089859085032,2.1781071233921327
female2_CAGGGCTTCGTTAGCG-1,-1.9815650427258789,-2.8495299084719408
female2_CAGGTGGAGTTACCGG-1,-3.6923150700599594,-2.375002501575309
female2_CAGGTTTAGATGGAGC-1,-3.7974275723116104,-3.2824119083404484
female2_CATCATGCATCCTGAA-1,-3.5660601863629284,-1.1477015020252788
female2_CATGAGGCAATAACCT-1,-1.3346498436101617,-3.5996337103622156
female2_CATGCGCAGCTCGCTT-1,-0.12190543982799684,2.925566146708612
female2_CATGCGCAGTTAGCTA-1,-2.5876672568018155,1.8788982654227635
female2_CATTATGAGAACCTAC-1,-2.8883054053192594,-4.124617889295677
female2_CATTGCGAGACCATAC-1,-3.290889619687859,-0.0590732611643249
female2_CATTGTAAGATAGACG-1,-1.2860164390198947,3.0021869314942204
female2_CATTGTGCAATCATGT-1,-2.0145462254480306,2.8307692048483974
female2_CCACATTGTTGTAAAC-1,-1.337342214926317,0.36673664254778415
female2_CCCAAACCAGTGAACG-1,-3.1339705989412763,2.1119405543645446
female2_CCCAGTTTCTTGCATT-1,-3.4000584725292695,-3.2500774408130737
female2_CCCTCATAGGAGCAAC-1,0.3229124583630039,1.9762919591416799
female2_CCGCACACAACCCTAA-1,-3.1115158160025684,1.2397206030418935
female2_CCGCCAACATTGTGAT-1,-3.2610934153316973,-4.532103633048934
female2_CCGTGCTGTATTACCC-1,-0.9310249736319414,1.7386267939989555
female2_CCTAAGCCAGGAAGCC-1,-2.671094396589327,-1.7615053969604677
female2_CCTAAGTAGGTTACAC-1,-1.6943130219726286,-5.199589130331241
female2_CCTACTGGTAAGCTTG-1,0.837304253721494,0.8162758854999174
female2_CCTACTTCATATAACC-1,-3.659425370673843,-0.9869812747682382
female2_CCTGACTTCCAATTAG-1,-4.165109083646001,0.8219799738124457
female2_CCTGACTTCTGTTGCC-1,-3.3630633463642483,-1.6705726972510124
female2_CCTGATGAGGTCCGTA-1,-1.3006818880455187,-1.1079070099936401
female2_CCTGATGAGTAAGTGG-1,-2.602481489619088,-0.3202778043130373
female2_CCTTACTCAGTTGCGT-1,-0.24173068502003195,0.9290449593664705
female2_CGAAGTAAGTGAACAG-1,-3.014991032365031,-3.1338383094044384
female2_CGAATCTAGCCGGTAC-1,-1.4560418192141167,2.424155153148294
female2_CGACAAGCATCGTTCT-1,-2.1020405864170177,-4.849323196681354
female2_CGAGTCGGTGATCATG-1,-0.24224545942577796,1.264727051062031
female2_CGCTAACCAGAGGGAG-1,-3.697008613647843,-2.893359252873768
female2_CGCTCAGCATTCCTCG-1,0.018801854909964843,1.9125911067173025
female2_CGCTGTGCACTTACAG-1,-3.5746718336312857,-2.2032230673054034
female2_CGGAATCGTCATTACC-1,-2.5870669604437633,-5.23030483824532
female2_CGGACAACAGCACCAT-1,-3.449982957496984,0.6989817612476092
female2_CGGGTATGTAAGGTCC-1,-2.663474290451296,-1.0213799667053916
female2_CGGGTCTAGATGCCTG-1,1.316104016528375,0.9803404471074093
female2_CGGTAACGTCTAACCT-1,-0.47919770436446996,2.552897469877877
female2_CGGTGAGAGCTAATTG-1,-3.669088672282236,-0.8779311645892756
female2_CGGTGAGAGTTGTCTT-1,1.2197472364651094,1.161099123084378
female2_CGGTTATAGCGAGGTG-1,-3.2682940284987194,1.2861281296758706
female2_CGGTTTCTCTTTGTAC-1,-3.303427824160036,-1.4893870414640478
female2_CGTAACTAGCAAGGTA-1,-3.697272855909556,1.0604938112711828
female2_CGTCATTGTGGGAACA-1,1.1253623028243018,-0.7029339640856483
female2_CGTGAGGAGGGATTAG-1,-1.6589523229085184,-4.1040404462322995
female2_CGTGAGGAGTCACCAG-1,-3.290860296700021,0.6969239663983369
female2_CGTGCACAGGCTACTG-1,-3.5360847689461967,-1.7055943886462188
female2_CGTGCTGCAAGCTTTG-1,-3.86438399439549,1.407183027293166
female2_CGTTAAATCGTCATTT-1,-2.180101442026165,0.8199043769449464
female2_CGTTAGTAGGCTACTG-1,-2.7559944665614373,-2.8690314117775606
female2_CTAAAGCTCGTTAGCG-1,-1.6818048233801886,-3.3212059289099125
female2_CTAATCGCAATAGCCC-1,0.10752236885201193,2.64721710588674
female2_CTACGAAGTTTAACGG-1,-3.570359965181026,0.017101296352626284
female2_CTACTAAAGCCACAAT-1,-1.6497870946956765,3.200760541295134
female2_CTAGGCGGTAGCTGCG-1,3.746452808565989,-0.7511914859729476
female2_CTAGTAATCATGAAGG-1,-1.9168570168711818,-5.2262279926605775
female2_CTAGTGAGTAGCTGGT-1,1.4283323767821905,-0.5732943414517219
female2_CTAGTGAGTGTTTGCT-1,0.9488421826044483,0.7429757540781082
female2_CTATAACCAACTGGCT-1,-3.5330179893571634,-0.9148947972332921
female2_CTATGTTTCTTGAGGT-1,-1.4903531705623405,-3.700374467304558
female2_CTCCTCACAGCTCAAC-1,-2.2690945420849653,-4.721331038658403
female2_CTCTAGCTCAATCATG-1,1.0376873113071876,0.8543818453504917
female2_CTCTAGCTCTGTTGCC-1,-2.8835247156435257,-3.5702471388520998
female2_CTCTATGTCATTACTC-1,0.4878667932580564,0.5326841424705433
female2_CTCTCACAGGAGGACT-1,-4.457480379457821,-0.10228415558297145
female2_CTGCTCCCACAAAGAC-1,-2.3444981056027396,-4.507908550952204
female2_CTGCTCCCATGTTGGC-1,-3.131137054799426,1.80873972105225
female2_CTGTTAAAGCCACAAT-1,-3.3528515343840435,2.0022892030096378
female2_CTTAACAAGCCGCAGT-1,-3.685366109021119,1.1689487596809627
female2_CTTACCTCACGTAATT-1,0.705763500983768,1.2437529018232907
female2_CTTCAATTCCCGTTGT-1,-1.11075332122923,2.7714138563672317
female2_CTTCTAAGTCAATAGT-1,3.650393998064253,-4.443244300271941
female2_CTTGCAACATAGACCC-1,-1.9671880232899714,-5.3983481467752785
female2_CTTGTCCAGTCCTTCA-1,-1.4040515242434457,-4.0271029792325
female2_CTTTCTTGTGCGCATG-1,-2.086804378162397,-2.2426357525730114
female2_CTTTGGTGTAGCTGGT-1,-1.266618307413256,-0.6436445989370744
female2_GAAACCCGTTGTTGTC-1,-2.245339452875231,-3.7049739967217103
female2_GAAAGCCAGTTTGAGC-1,-1.1262937408423384,2.189208819107239
female2_GAAGTAAGTGTTGCTT-1,-3.0646134731479138,1.988287877080022
female2_GACAATACAATCCTGA-1,-0.32311128839663183,2.5284693850878583
female2_GACGCCTAGTAGCCAT-1,-4.127006227838045,-0.02489673905872217
female2_GACTTGGTCCTACCTA-1,-2.7353587069851355,2.0102368634140615
female2_GAGCTTAGTGAACAAA-1,-3.9571283309199163,0.33553348408010075
female2_GAGGACTAGAGAGGCT-1,0.3258202880574651,1.8472039327005385
female2_GAGGCTACACAGAACG-1,-1.7569769639203254,-4.820963528462056
female2_GAGGCTTGTAGCCATA-1,-3.41439736718931,-4.604649628638146
female2_GAGTATCTCGAGGTGG-1,-1.5460282093681321,-4.961857287649307
female2_GAGTCAAAGGAGTCTT-1,-3.001979129913307,1.5921075911090448
female2_GAGTGAGGTTCCATTA-1,-3.8508184823375813,1.223926276910413
female2_GATCACTAGTGAACAG-1,-0.222069846191408,0.23615076236263816
female2_GATCAGTTCTAACCTT-1,-4.0854386488185765,0.3506564949690968
female2_GATCCGTCAACTGGCT-1,0.3814120684622326,0.9762778777041045
female2_GATCCGTCACCTAAGC-1,-3.4012362517714356,-0.26410682361182214
female2_GATCGCTCATAATCGT-1,-1.2889493145098285,-3.71116261728048
female2_GATGCTTAGCTAAAGG-1,0.6069683239215962,0.48060256497871234
female2_GATTAAGCAGCAAATA-1,1.2907599828266108,0.6221511860543535
female2_GATTCATCAACAGCCT-1,-3.7377374890577264,-1.364412801842989
female2_GATTCCTGTCCTTCAG-1,-3.3832413229353304,-0.6863192042611679
female2_GATTGCGTCAGCAAAG-1,-1.599092094491611,-3.1989933363184075
female2_GCAGGCTTCCGCTAGA-1,-3.795197103345427,0.9421656343493231
female2_GCAGGTGAGGAACCAA-1,1.2413728237047656,1.5733900748520653
female2_GCAGGTGAGGCATTGT-1,-1.7161170865418423,1.9147597514838774
female2_GCATATATCACGTTAA-1,0.9282351997019387,-0.9855899772530193
female2_GCATCCTTCCTGGTCT-1,-2.1698864349566565,2.251327541017008
female2_GCATTAGGTTATCCTA-1,-1.9351543804958886,-4.785018747436019
female2_GCCATGATCAGGAACA-1,-3.886268354984767,-2.78360827347059
female2_GCCCATAAGCAGCTAT-1,0.5120971509862072,1.3815379759278013
female2_GCCTCAAAGCTAAGTC-1,0.28199520327844724,2.626739737653892
female2_GCCTCAAAGGCGTAAA-1,-0.6480431031672059,1.3702413149357149
female2_GCCTTACTCACCAATA-1,0.45566851998867663,2.461250794112473
female2_GCCTTACTCCCGCCTA-1,-3.7401332899381576,1.2969632306322523
female2_GCGAGTGAGACAACGA-1,-3.641995863302196,-1.2975811059729487
female2_GCGCAAACAATTAGCT-1,-1.775956231481508,-3.1665556132277164
female2_GCGCGATTCCCGAACA-1,-2.742126848220952,-5.3595218260775255
female2_GCGGTTATCTTGTTCG-1,-0.16199373127718325,0.7962034695272535
female2_GCGGTTGGTAAAGCGG-1,-2.8057606873963192,-4.9459800365303455
female2_GCGTTTCTCATTGACA-1,-2.9175739335365716,2.162720152939307
female2_GCTAACCCACGAACAG-1,-2.420588202799959,-4.136680321028996
female2_GCTAAGTTCGGCCATA-1,-2.0985088200268303,-5.340641899152001
female2_GCTTTCATCTTGTTCG-1,-0.17012093085207547,2.4659463297755146
female2_GGAACAATCACAGCCA-1,-0.9282763084330518,1.9806312607045566
female2_GGAAGTATCGCATTAA-1,-3.122240237231955,1.4094272155628327
female2_GGACAGCCAAGCTTAT-1,-1.011173684543648,1.889815036396998
female2_GGACCGAAGGATCCGC-1,-0.7842722343471064,3.0495238845595494
female2_GGACTAAAGCACAGAA-1,-2.7141832867882085,-5.54275767241522
female2_GGAGCGATCACGAATC-1,-4.153738259277231,0.5984300748123046
female2_GGATGGCCAAACTGTT-1,-3.8548842765073084,-0.8919224374238546
female2_GGCAAATCATTCAGCA-1,-3.9272847124979524,-1.45776608077106
female2_GGCCGTTAGCACTAGT-1,1.0826038730478993,1.251858119618345
female2_GGCCTTAAGTGAGGGT-1,-0.5625981876350777,1.7229367192264962
female2_GGCGTTATCAGCAAGA-1,-3.6731577751070925,1.5964375836149722
female2_GGCTAGACAAGGTGCA-1,-3.5012693771649497,-0.5955674985976533
female2_GGCTGTCAGCGATAGA-1,0.8294101804115579,1.0510916941221111
female2_GGGCAATAGCAAGGAC-1,-2.4916342382187717,-3.3314743255858024
female2_GGGTGAAGTTAGGATT-1,-1.8745294572711406,-5.59995256042652
female2_GGGTTACGTAAACAAG-1,-1.8657435854319242,-3.3994110660421337
female2_GGTAAACCACCAACCG-1,-2.97496126190865,-2.133276809480128
female2_GGTAACCGTTTATCGC-1,0.7198396391104855,1.827727606027208
female2_GGTATGTTCGTGCCTT-1,1.4296108824965683,1.3807757936643765
female2_GGTGAGTAGTGAGGTA-1,-3.125576270560831,-2.597044631649888
female2_GGTTATGGTAACGAGG-1,0.5468649981321667,1.8725598068423883
female2_GGTTCTTGTAATCGCA-1,-3.354928355290504,-2.8880033092619994
female2_GGTTGACGTTTGGCGG-1,-2.5221616023664963,-4.288886733421185
female2_GGTTGCATCTTGTCCA-1,-1.2454780298240336,-4.361704738878827
female2_GTACCTTGTAGCTGGT-1,-2.990553402713766,1.8278520945601033
female2_GTACTAATCGCCTAAG-1,-2.5209933089459104,-1.948745702569121
female2_GTACTAATCGTTTCTG-1,-3.9990040873402157,-1.5721823228682255
female2_GTACTAGGTAGCTGCG-1,-2.340975628448361,2.119395581152264
female2_GTAGGATCAGAAATTG-1,-1.421365591393038,-4.691397098291841
female2_GTAGGATCAGTTTGGC-1,0.8701783795851468,2.0758409529256125
female2_GTAGGTGCACTGGCTG-1,-0.6493906306208499,-0.30502830857327945
female2_GTATTGCAGCTTTGTT-1,-2.059092337267346,-4.988576877393247
female2_GTCAATATCCGCTAGA-1,-3.506783479154401,-1.8436897581380445
female2_GTCATCACACTTCACT-1,-0.7068245102207011,0.6069177225593585
female2_GTCCTAGAGAGGGACT-1,-3.697698974742728,-1.12208155828223
female2_GTCGAGGAGGGCTTAT-1,-0.3463024390236229,0.22637042039153654
female2_GTCTAGCCAATTATGC-1,-0.08164718507784881,1.5723805193518268
female2_GTCTAGCCACTGGCTG-1,-1.1395897380746658,3.1367774741722307
female2_GTGAACAAGCCTGTTC-1,1.2875210791431668,-0.9656456830407947
female2_GTGAGCGAGGGATGCG-1,0.9068943340745902,1.6937426059314538
female2_GTGAGGAGTCATAGAT-1,-2.5687457041682245,2.8278179599667936
female2_GTGAGGAGTCATTAGG-1,-1.9670189738223078,2.9453225396505633
female2_GTGCAAGCACTTCATC-1,-2.3636934478899265,-4.3144374540988935
female2_GTGCAAGCAGCTCATA-1,0.2598749231940835,-0.6489619284911372
female2_GTGCAAGCATACCCGG-1,-2.446737010632296,-5.004465885170487
female2_GTGCGCAGTAGTTGGC-1,-2.6098193057870094,2.3144132317840223
female2_GTGCTGGGTCCACAAA-1,-2.997237472487572,-1.4335736897065752
female2_GTTAACCAGATAGACG-1,-2.9227138314093684,1.7128010577924937
female2_GTTAAGCTCGCAATCG-1,-1.6951957321903528,-5.394961050233928
female2_GTTAAGCTCTGGCATG-1,0.3616674782624453,0.0030938851315939226
female2_GTTAAGTGTTCGCGCT-1,-0.013586401366543878,0.8524304165764072
female2_GTTACGTAGGCTAATC-1,-3.458837720076843,1.6619076576067104
female2_GTTCTCATCGTTAGCG-1,-2.9313085141326845,1.3004590770525009
female2_GTTCTTGTCAAAGGCA-1,-4.156961285270122,-0.8240660837659473
female2_GTTGCTGAGTAGCTTA-1,-2.9170034609088153,-2.4891295462147487
female2_GTTGGCCAGCCTGAGC-1,-3.2889339212050315,-3.6110567076350737
female2_GTTGTTGCAGAAATGC-1,-1.644772171577687,2.748101270721674
female2_GTTTAGCAGCTAATCA-1,-3.799836814414042,-3.385607357658544
female2_GTTTGTAAGGGTGAAC-1,-0.29235976132554536,2.853289056583228
female2_TACCTGCTCCCTGGTT-1,-3.4344240348653865,-2.0339703845518833
female2_TACTAAGTCCCGCCTA-1,-3.254649917448549,-2.9984759653537987
female2_TACTGGCCACAGCCAT-1,-1.4542514881581348,-4.1579594725680264
female2_TAGACCAGTGGATTCA-1,-3.948886248940424,1.142107649104522
female2_TAGCATATCATCCACC-1,-2.279917097544655,2.3370387392706693
female2_TAGCGGACACAGAACG-1,-3.427869792339299,-1.2910575007453615
female2_TAGGAGGGTGTCCAGG-1,-3.749018837992305,0.5613594246313981
female2_TAGGTTATCCTGGTGA-1,-1.6494627089921514,2.3214438568136093
female2_TAGTAACGTAGTTAAC-1,-2.1056131283017447,2.371557917815809
female2_TAGTCAATCTTTGAGA-1,1.207310746118555,1.0568110996488838
female2_TATCGAGGTAGCTGCG-1,1.1746576897074867,1.481884271215319
female2_TATGTGATCGCTAGCA-1,-2.970702120588752,1.1123151676340661
female2_TATTTGGAGAATCGCT-1,-3.444473023235658,0.8766281623166481
female2_TCAAGAACAAGGTGCA-1,-2.463429188759386,2.655631211044253
female2_TCAAGAACACATAGCC-1,-2.997667421624158,0.6825663950737401
female2_TCACATAAGGTCTTGG-1,-2.2632392953328244,-3.174514260667684
female2_TCATACTTCTGCAAAC-1,-1.8758692359169546,-5.7150433404779095
female2_TCATGAGGTTAGTGAT-1,-1.4948850193129688,2.4988200194481105
female2_TCATGCCTCCCTCACG-1,-0.4575293359898626,0.2257858573901429
female2_TCCATAAAGCACTTGG-1,-3.3023624091180714,-0.9387380555603645
female2_TCCATAAAGTGAGCAA-1,-3.1300778264530584,1.6836823106108683
female2_TCCATCATCAGAAACG-1,-3.731223990603828,-0.5692127711259597
female2_TCCATCATCTGTTGCC-1,-3.620979305809549,-0.4928761759330917
female2_TCCATTGTCATAAGCC-1,0.5052264288043081,0.20655099227064241
female2_TCCATTGTCATGCCTC-1,-3.781310866006655,1.4932952738891043
female2_TCCTCTAAGGAACACA-1,-3.288135548163951,1.6496089325077234
female2_TCCTTGCAGGCAGGTG-1,-3.2443190803327964,1.898924827371095
female2_TCGATTAAGAGCCGGA-1,-3.932114062977891,-2.3618235137253625
female2_TCGTTAAAGAATCGCT-1,-3.6247747495545664,1.4053769906270424
female2_TCGTTACGTCCTTTAA-1,0.7893367845098261,0.6551029091517572
female2_TCTAACCGTAGCCTCC-1,-0.31656892707070483,2.6671326536662545
female2_TCTACCTCAGGTTACC-1,-3.5795951229668157,1.0953586412645797
female2_TCTAGCGAGTGTTGCG-1,-3.7843378182893135,-2.6367566764492243
female2_TGAGCCGGTACGGGTT-1,-3.5988784091043313,-1.4816896062028755
female2_TGAGTTTCAAATACCT-1,-3.6042770743769825,1.788329574745794
female2_TGAGTTTCATTGCGTA-1,-3.176187192260729,-1.4618146281426834
female2_TGATCAATCGATCAGT-1,-3.5449171875904417,-3.2037821898810233
female2_TGATCAATCTTACTCG-1,-2.498260985410197,-3.683697813331499
female2_TGATTAGTCTAACCTT-1,-1.1473523770212992,2.541936567857835
female2_TGCATCCTCATCAGTA-1,-2.482908304228288,-3.136528685343497
female2_TGCGCAGGTAATCACG-1,-1.8135565109893625,-3.5543318802793005
female2_TGCTCAACAGGCATGA-1,-3.9518483585686326,0.05728388285573799
female2_TGCTCCGTCAATACGC-1,-1.168547153490627,2.019304201851443
female2_TGCTCCGTCTACCTCA-1,-0.6555577542550989,2.2223649853239134
female2_TGCTTCCAGGCTAATC-1,-0.9512767600024341,2.447556096723129
female2_TGGACTAGTCAATAGT-1,-3.1695262326242397,-1.9285929718302328
female2_TGGCCAATCTGTTGCC-1,-0.3596789253904598,-0.3351119733371335
female2_TGGCCATCACAGCCTG-1,0.11537371795059385,2.7507053010462372
female2_TGGCCTTTCTTGGATA-1,0.29581787313756597,0.5387843759683256
female2_TGGTCAGTCCCATAAA-1,-1.6905721363335529,-4.227877667862152
female2_TGGTCAGTCCTAGTCC-1,0.45633852342203557,0.3112059674277043
female2_TGGTCCTTCTCACTCA-1,-2.982488529923228,-5.184321474767424
female2_TGGTGATTCGCACACA-1,-3.7506090615806973,-1.5904707142464407
female2_TGGTGATTCGTGCTTC-1,-3.3219007647529506,-2.211806653057949
female2_TGTAATGTCTTGAGGT-1,0.06635224297299278,1.3456048158397924
female2_TGTATCGCAATTTGGT-1,-3.138155644896538,0.1622528360496427
female2_TGTGCACCAGGTTATT-1,-1.4953031550639173,3.032345368119371
female2_TGTGCGGGTCAATACG-1,-1.040888090680212,0.6588441299394052
female2_TGTGTGAGTGTTGTGA-1,1.0236408572046154,1.6863363244302405
female2_TTAACTGAGTCAATTG-1,-2.387977567212014,-5.407671218481838
female2_TTACCTGTCCTCCTAA-1,-0.47567482956413903,2.4082547398061376
female2_TTACCTGTCTATCGCC-1,-2.2700476283206332,-5.7276024421054945
female2_TTAGCGGTCCAGGAAA-1,-1.921369720083087,1.774679730202965
female2_TTAGCTGCAATGCCCG-1,-1.0677900605420168,0.49788811271577743
female2_TTAGGAACAGCTAATT-1,-2.722676436898003,-3.08781875846086
female2_TTATGACCACAAAGAC-1,-2.252573400735864,2.980397873894931
female2_TTCCTTCTCATTGCAA-1,-2.744840902130896,-5.244202451029396
female2_TTCCTTGAGGCTCATG-1,-2.409602562267293,-5.818485494309614
female2_TTCGTGCTCTGTTGCC-1,-0.26483614149636514,1.071137215569057
female2_TTGAGCTAGGAAGCTA-1,-2.2884216126153043,-4.058585115468671
female2_TTGCAGCCAAGGAATC-1,-0.4432470103889724,1.9049340118644613
female2_TTGCTCTCAAGGTGCA-1,-4.012856511589286,1.3617943478621453
female2_TTGGATATCACTTTAC-1,-2.2599355658409297,-4.2359713899861084
female2_TTGGATTCATGCATAT-1,-1.4716172971720296,-4.384575630298243
female2_TTGGGCCAGGAGGACT-1,-2.6477129326013653,2.4609228243143098
female2_TTGGGTTAGAGAGCCG-1,0.2194866345729998,1.6418313852054218
female2_TTGTCAAAGGATGATG-1,-3.4620430085381884,1.026767846683055
female2_TTGTTGCGTCCTAATC-1,-3.5699364964416493,-2.998864841698897
female2_TTTAACGAGGTGAAGC-1,-1.7926477491855495,-4.723905858939465
female2_TTTAGGATCGAGCAAA-1,-1.8888221359622859,-5.010427701643787
female2_TTTCTCACAGACAAAC-1,-1.5857438679939404,-5.37095284654962
female2_TTTCTCACAGGCTACT-1,1.0419697858933983,1.0300942179103396
female2_TTTCTCACATAACGGG-1,1.5208567967558386,1.1341168711592038
female2_TTTGCGGAGTTCCTCA-1,-3.086227274853425,-0.6617684340547078
female2_TTTGGCTGTTGGTGAC-1,-2.1254094317655876,-3.2441210601874633
female2_TTTGGTGCAAACCCTA-1,1.4806727323248758,1.0145570613549326
female2_TTTGTCCCAGTTGCGT-1,-1.634080231955152,-3.672005099017627
female2_TTTGTGAAGTTTGTCT-1,-3.402580415629692,-1.142333812763752
male2_AAATGCCTCCTAATAG-1,-1.1469179887761995,-1.598723520135958
male2_AACATAGCAGACAAAC-1,3.6257312667913406,-4.335248309398346
male2_AACTAGCTCGCACACA-1,-0.19899285761391636,-1.0634462160733351
male2_AACTTAGTCATAATCG-1,5.73824005677981,-0.3008242777848876
male2_AAGAACAGTCATGCCC-1,5.681671348039909,-1.5360452671227642
male2_AAGAACAGTTAATGCG-1,5.653712461249343,-0.49125356189778446
male2_AAGAATCAGTTAGACC-1,4.279037622503127,-2.2926080878397745
male2_AAGACCAAGTACTGGT-1,-1.9697379364671346,-1.94747194438435
male2_AAGACCAAGTAGAGGC-1,2.769149821378557,0.5510201993431514
male2_AAGCAAGTCCCTGATC-1,0.9738719882851357,-2.3904592960806714
male2_AAGCATGAGATTGAGG-1,4.602470713041784,-2.3499349891756403
male2_AAGCTTGGTGTTAAAC-1,2.450805733509066,0.3213526180870563
male2_AAGGCCCTCACGTTAA-1,3.4194540479852686,0.8263394375081707
male2_AAGTGTTGTTACAAAC-1,4.686736430748721,-2.7684247860748945
male2_AATACCGGTGAGACTC-1,2.154410199739432,-3.806808026429869
male2_AATCTCAAGGCCCAGT-1,-0.3634317890485466,1.5182163284502075
male2_AATGTCCAGCTTATGA-1,0.048122911514498254,-0.45667508442747257
male2_AATGTCCAGTCATCCC-1,-0.66548311495049,1.1743583659885295
male2_AATTAGCGTCATTGTC-1,4.529911423334399,-3.1334668153835357
male2_AATTTGGTCCGTAAAC-1,5.4521664708308295,0.1101365944258611
male2_ACACTTAAGGGATGCG-1,5.583602069066518,-1.5979547193927954
male2_ACATCATCAATTGAGA-1,2.6130510782077865,-4.047999545679066
male2_ACCAAACTCGCCTGTT-1,3.485820873291906,-2.05870842719714
male2_ACCAAGTTCAAACACC-1,2.86134277721726,-3.489591958076256
male2_ACCCGCTGTGTGAGAG-1,5.426539390015156,-1.7600346753740206
male2_ACCCTCCCATTGTCCT-1,2.5802505032599186,-1.5222775590083253
male2_ACCCTGTTCGTTAGCG-1,4.929813379093491,-1.5670277201693978
male2_ACCGAAGCATAGCAGG-1,-1.5183348783912531,-1.1044882983831303
male2_ACCTTCATCGCTATGG-1,-0.8625482160831529,-0.9692701065613456
male2_ACCTTGCTCATCCTGC-1,5.041671269436543,-0.4092383972271572
male2_ACGAACAAGCAAGGGT-1,3.138286616551913,-0.24058763871504646
male2_ACGACAAAGCGAAGTA-1,5.389821776408024,0.017107028832685233
male2_ACGAGTAAGCAGGTTT-1,3.5274359243063627,0.44903282357507984
male2_ACGATTCAGGTCCTAG-1,-0.33418916638391966,-1.4133299719619554
male2_ACGCACGGTGCATTAG-1,3.746574623357209,-2.5643222099469662
male2_ACGGTACGTATTGGAT-1,4.652839786297446,0.5725280740856149
male2_ACTCACTGTTGAGCCG-1,4.099409467249745,0.28661301757374963
male2_ACTTATCTCATGTCAA-1,3.0755160444432112,-0.08762375251829004
male2_ACTTATCTCTTGCATT-1,3.066758607168419,0.7777891503641503
male2_AGAAGGTGTCATCCTG-1,3.395269729402937,-3.95852488900654
male2_AGACAATAGTTTGCGG-1,3.6595264509546492,0.2539469619369173
male2_AGACACGCACCTACGG-1,-0.5374052677952146,-1.8438839481412872
male2_AGAGAGGAGCCTGGTA-1,-0.35499577141064836,-1.8630256739877564
male2_AGATGAAGTGTCCTGC-1,4.470895733488023,-1.2382387055374202
male2_AGCAAATAGCACGATT-1,2.6405593530630065,-0.9523250020326096
male2_AGCAACAAGTCACCAG-1,2.7876187089204563,0.6448643639686605
male2_AGCATTTCAGCAAGGC-1,3.121863695233148,-5.350316494602911
male2_AGCCTAGTCGGCTATG-1,3.9470921855361065,1.2563010853633199
male2_AGCTAAACAATGAGGT-1,3.119227454428144,-2.6953819025055994
male2_AGCTAACTCAGGATGA-1,-1.9662464770177295,-5.535040889583788
male2_AGCTAGTTCAAGGACA-1,3.2479069786670838,-1.6946161907534683
male2_AGGCAGGTCTTGTTCG-1,-0.8033215205564365,-1.8390498368440569
male2_AGGGCCTTCATTACTC-1,-1.29096362724015,-1.5994301495231906
male2_AGGGCTACAAGCTACC-1,2.5623521625170045,-4.838884455538043
male2_AGGTCTTAGTTAGCTA-1,0.8010011323669329,-0.1613526055986278
male2_AGGTTACTCTTTAAGG-1,-1.4433558186054614,-2.633684098993405
male2_AGTAACACAGCACCAT-1,5.058302259546573,-0.6649120690707595
male2_AGTAGGATCATTACGA-1,4.749835891636378,-2.5108764862092112
male2_AGTATAGCAAGGCCAA-1,3.197742441894009,-2.0977985463756146
male2_AGTGAGTCATAGACTT-1,3.455008805023898,0.00882653286825397
male2_AGTGCGGAGTGAACAG-1,-0.3137830591798278,-1.3068755314351868
male2_AGTTGCAGTGTAATAC-1,2.3436224887753925,1.4719274257815804
male2_AGTTTGATCCAGGAAA-1,3.3270380990785817,1.0815523576649213
male2_ATAACGACACATAACT-1,4.200781637418292,-2.456482100884795
male2_ATACCTGCACTGGCCA-1,2.008211301844276,-3.616246161089907
male2_ATATGCTCAAACTGTT-1,-1.7085806016767395,-2.957094925018729
male2_ATGAAGTAGAATCTCA-1,2.3674011508945525,-3.2672103973121707
male2_ATGCTTAAGCTTTGGG-1,0.31636578158160167,0.470925954833652
male2_ATGGTCTAGGAGTCGG-1,2.551818061498495,-1.347006030834414
male2_ATGTAAGCATAGCAGG-1,3.072749231890277,0.21975752342097982
male2_ATGTTGTCATTGTCCT-1,5.599285435339717,-0.7112180769769315
male2_ATGTTTGAGGCAATAG-1,2.600915420637863,-4.606676351127785
male2_ATTACGTCATTATGCG-1,3.2779094529634825,-0.0696950543838693
male2_ATTACTGAGTCCTGAG-1,3.840105332058048,-0.691713958283645
male2_ATTATCCTCACCTGTC-1,4.704220561251047,0.6710620959595645
male2_ATTCACTTCTTAGGGT-1,0.770023828433399,-1.9544627915985038
male2_ATTGACTCAACAACAA-1,5.556673680081542,-1.3991125605649835
male2_ATTGCGCCACTGGCTG-1,4.897349229961623,-3.342984605953924
male2_ATTGTGATCAATTACG-1,2.6969398116496452,0.6831913412506766
male2_CAACTAGGTTAACAGT-1,5.14240403690917,-1.542095877590295
male2_CAAGGGAGTAAGCACC-1,1.8077272237356894,-3.4173769910922203
male2_CAAGGTAAGGTCCGTA-1,5.44565190130192,-1.2315435237902481
male2_CAAGTGAAGCGGTTAT-1,3.8107580847863742,0.033554966674143455
male2_CAATAAGCATAGCTGC-1,-0.5739690105204198,1.058147782619499
male2_CAATGAACATGAAGTA-1,4.246433581643948,-3.6992340986053307
male2_CAATGCCCACAACCTA-1,3.153165031257895,0.6662329017553418
male2_CACAAGCGTGCTTAGA-1,1.8651391701890383,-2.5370768169683395
male2_CACAATATCATTAGGC-1,3.7236239050798594,-4.747445930739979
male2_CACAGGCTCCTAATTC-1,3.2364164359854755,0.00055646504488026
male2_CACCGGTAGCGCATTG-1,3.4706225245579025,0.2575316461006019
male2_CACTAGCCACGAATTT-1,1.1722442311871883,-1.3086190786614518
male2_CACTTAAAGGAACGCG-1,-0.8490904906971077,0.5780536950085953
male2_CACTTAAAGTAGCTTA-1,5.359372481169293,-2.023395496838776
male2_CAGCCTAAGGATTGAG-1,1.3385225842185269,-2.1051848483955014
male2_CAGCTATAGCATTATG-1,3.683118311883558,0.47859347043115974
male2_CAGCTCAAGAGAGGCT-1,0.010110572980933943,0.17489580711100153
male2_CAGGAAGGTTAGACCA-1,-0.7795439185525923,-1.427242804264788
male2_CAGGCTGGTTAGAGCC-1,0.043185974665305035,1.3974300718889225
male2_CAGGCTGGTTCCGCAC-1,-0.15532232629441836,-1.3842883506372186
male2_CATCCCAGTTACTTGC-1,3.8190433072209533,-1.7935887074375656
male2_CATCCCAGTTCCAGGG-1,-1.670947842467464,-5.643269795037803
male2_CATCCTCAGTTAGGCT-1,-1.6095545199583294,-2.29697097122939
male2_CATGCAAGTAAGCTTG-1,2.7825285575220393,-0.5584391521988759
male2_CATGCGCAGTAAGAAC-1,4.222032786526091,-3.3715038563010666
male2_CCAAACCCATTAAGCT-1,4.659330568748744,-0.0429271812711057
male2_CCAACCAAGGACCGCT-1,3.5586983244857953,-2.5315591267374935
male2_CCAACCAAGGGTCCAC-1,-2.2888800789614345,-5.624449245837694
male2_CCACATTGTGTTAGCA-1,5.086450519803498,-0.06680909433072785
male2_CCATAAATCATCCTGC-1,-0.7166011812997168,-1.9007595196935558
male2_CCCAGCACAAAGGTAC-1,5.189119178063738,0.3228138597844093
male2_CCCTAATGTGATGAGG-1,4.008111239373166,-0.15503682336675237
male2_CCCTAATGTGGGTACT-1,3.3432974563548035,-0.26210828730226693
male2_CCCTCATAGTGTTGTA-1,4.574767524603044,-2.551787863149542
male2_CCGCACACAGGTCCTG-1,2.2058854676680504,-3.3259336902454737
male2_CCGCCAACAGCTTAAT-1,-1.206742378033973,-1.9595612432903844
male2_CCGTTAACATTTAAGC-1,-0.891770299744963,-2.0223475782234748
male2_CCGTTTGGTGATGAAA-1,-0.3005491001514008,-0.3123340254235394
male2_CCGTTTGGTTAGTGAT-1,-1.4773430548908646,-5.466985012934244
male2_CCTAAAGGTCGTAAAT-1,2.3845667193353375,-2.971987344334692
male2_CCTGATGAGTGAGCAA-1,4.300902661015371,1.049731612793535
male2_CCTGGTAAGCGAGCGA-1,5.35964998381979,-0.8664292966159394
male2_CCTTCAATCATGTTTC-1,3.6472085214712022,-1.6644113357704096
male2_CGAAATGAGCATGGTT-1,3.97430150278048,0.22036542118705443
male2_CGAAGCCTCCAGGTTG-1,4.039772314695029,-2.346312608345948
male2_CGAGGCAAGCTAATTG-1,3.1906562722206084,-0.9317846935162761
male2_CGATCCTTCCCAGTAG-1,2.0626154239130856,-4.806802090790466
male2_CGCAATAGTTACCGGG-1,2.1244856759398716,-2.7907480694117535
male2_CGCATTTGTTAGACCA-1,3.0376141075051777,-0.24941245631235576
male2_CGCGGATTCAAATCGC-1,-1.2897241916972402,-1.2413609432364343
male2_CGCTAACCAATAATCC-1,4.252665374354453,-0.2259693854735062
male2_CGCTAACCATAATCGT-1,2.7595605418025495,-1.67779256831141
male2_CGCTTCTAGGTCGATT-1,4.158677522704108,-3.49131142174905
male2_CGGATAAAGCTGGAAA-1,1.9725987740332163,-3.4505293392564744
male2_CGGATAAAGTAAACCC-1,2.4132984252068956,-3.867045609810428
male2_CGGATTAGTTGGCGTG-1,4.247148938729109,0.5194804032310906
male2_CGGTAACGTGGAGCAA-1,4.305964307626688,-1.737723061925533
male2_CGGTTGGGTAATCACG-1,5.820070509428105,-1.704751080841445
male2_CGGTTTGAGGAGCATA-1,-0.5838500696054773,0.3997975869343305
male2_CGTAACTAGTGAGCAA-1,2.778242300463621,0.05524038834036067
male2_CGTAGCGGTGTTGTGA-1,-1.1073638589936219,-1.7865833677731233
male2_CGTATTGCAAACCCTA-1,3.655181910650331,-1.2120776760852894
male2_CGTCATTGTAGGATCC-1,-0.9787224963118716,-2.2476733675481686
male2_CGTTAGGTCATGAAGG-1,-1.7710296467831042,-2.212599499835732
male2_CGTTAGTAGGCTCATG-1,0.08793790164266105,1.0280840345263602
male2_CGTTATCGTCATGCCC-1,4.064082584737764,-3.301430301370487
male2_CTAACCCTCACAAGCT-1,5.230687588259629,-1.7317106750249558
male2_CTACGAAGTAGGTTTG-1,2.646890641776665,0.5500572697473547
male2_CTACGAAGTGTGAGGA-1,1.0735099163707673,-1.4035882472449004
male2_CTAGGACGTCTCACTG-1,3.657625107651235,-0.9201630501435313
male2_CTATGATCATCTAGCA-1,3.393570728594939,0.4508068052924471
male2_CTATGTTTCGAGGAGT-1,2.519417613311714,-0.2749170446171238
male2_CTATTGAAGTCTTGAA-1,0.21906804756053075,0.5919210385261324
male2_CTCATGCTCATAGCCG-1,2.9465700828678476,-2.661239211039375
male2_CTCATTTAGACTATTG-1,0.06166576072596647,0.8160940485556032
male2_CTCCAACTCATGGCTG-1,4.6721175327748155,-2.6394427364100386
male2_CTCGCTAGTCACCTAT-1,-0.6803095785817295,-1.409185891405372
male2_CTCTAGCTCTGTGCAG-1,4.6130478839786795,0.4743044797889966
male2_CTCTGTTCAACTAACT-1,-0.6711871026449984,-3.8644730510836043
male2_CTCTTGATCTAAGGTC-1,5.091035909209464,0.36227796050327477
male2_CTGACATAGAATCTCA-1,4.255225440641242,0.11308652235376496
male2_CTGACATAGGCTGTCA-1,0.3480484426955498,-1.2332221055435848
male2_CTGCTATGTTAGGCGT-1,-0.8819313559431746,-2.1937462762933366
male2_CTGTGTGAGCGAAGTA-1,3.4660695849403207,1.1203781593896847
male2_CTTAACAAGCCTCTGT-1,0.8967463746011427,-0.013120494132692262
male2_CTTAGGAGTTAAGGCC-1,4.151012225003866,1.1891215211447705
male2_CTTCACTCAAGCGATG-1,4.81992045972114,-3.2771982716255588
male2_CTTCACTCATCATGTG-1,5.252332064994486,-0.5466693618983017
male2_CTTTATGGTGATCAGC-1,4.827797227141547,-0.46569519268641146
male2_GAAAGCCAGTGAGCGG-1,2.1026014699301103,-3.490325810624751
male2_GAACCGCTCAGCACGC-1,-0.9836104505933913,-1.2324837642507531
male2_GAACGAATCTTTGACT-1,4.428515387703514,0.3094265430767953
male2_GAACTTATCTCACTCA-1,3.2117703221340483,1.4326087876336755
male2_GAAGCTAAGGCAATAG-1,-0.8112098374776144,-2.093574491345443
male2_GAAGGATGTGTCACGG-1,-0.13272002588102313,1.134051769033464
male2_GAAGGCCCATATTGAC-1,4.225445031881677,-1.6078340086222442
male2_GACATTATCTAAGTCA-1,5.084335585261896,0.5976454633780177
male2_GACATTATCTCGACCT-1,5.614960459383694,-1.127942139625562
male2_GACCTAAGTGGTGAGA-1,4.206265451053263,-1.4066240148546638
male2_GACCTCAAGTCAGTAC-1,4.89917511115163,-2.677763467224755
male2_GACCTGCAGTTATCTC-1,-0.5613962868980705,0.3005595984378252
male2_GACTATTCAGGCGAGT-1,2.0724968019093155,-3.2359861232570943
male2_GAGCAAATCATGTTTC-1,-0.4485631812406487,-1.766983886705933
male2_GAGCCACTCCTAAGAC-1,2.820117881624954,-0.030559818395584512
male2_GAGCTTAGTTTAACCC-1,0.803122161633748,0.48138389570096757
male2_GAGGAGGCACAAAGCG-1,-0.2793959630681446,-1.966291377264653
male2_GAGGCTTGTGTGCAAC-1,3.837608042178684,0.9575141860848678
male2_GAGTAATAGGAACCGG-1,3.8626026359195866,1.3685959621150745
male2_GAGTATCTCTAACCAA-1,4.620623403351356,-0.5383327762466634
male2_GAGTCATTCCATAAGC-1,-1.4585353923201372,-1.663806097723538
male2_GAGTGATCAATAACGA-1,4.6108706222435645,-1.2044702502623286
male2_GAGTTACTCCTAATTC-1,-0.6035340448778923,-0.8086546019278481
male2_GATAAAGGTTATCGAG-1,-2.585536412865187,-5.614916830641857
male2_GATCAGTTCAAGCTTA-1,4.487381009579647,-2.328416681909499
male2_GATCGATTCAATACGC-1,5.675108061387519,0.22781455025927314
male2_GATGGCTGTTAAGCCA-1,5.188131463621692,-0.9870193550139337
male2_GATTATGTCCTCAGTC-1,3.0963927193144776,-3.606850737969323
male2_GATTATGTCGATTATG-1,-1.3216728155584776,-2.999175167460444
male2_GCAAGCCTCACTAGGT-1,-1.5069326364766242,-4.4778494321768605
male2_GCAAGTCGTCCAAATG-1,3.6727404365635166,0.7505527037853363
male2_GCAATAGAGGCGAAAC-1,-1.3668648772848406,-0.6529764143296597
male2_GCACGAACATGGTTAT-1,-1.2506947784321951,-5.052370558406767
male2_GCAGGCTTCATTGTCT-1,5.694362618396577,-0.5706212471803453
male2_GCATATATCATTAGGC-1,2.8065582879631754,0.4736902603460422
male2_GCCAACATCATAACTG-1,5.489369675744031,-2.0923208542350364
male2_GCCAACATCATTAGCA-1,-0.41537195425600487,0.3156268405144012
male2_GCCATGATCATAGCCG-1,4.224985917989835,-2.5779026083067254
male2_GCCGTGAGTTTGGCTT-1,4.729188256918608,-2.2663762757318238
male2_GCGAGTGAGAGAGGAG-1,-1.454268909118887,-1.8209375595917245
male2_GCGCTAGGTGTTAGCA-1,4.312343409907607,-2.8203164961468867
male2_GCGGTTATCAAGCGCC-1,5.392891418657651,-0.34691638153939025
male2_GCTAAGAAGTCATTGA-1,-1.2906575961869928,-2.8198495471122174
male2_GCTAAGTTCCCTCACG-1,0.14583377494278663,0.8853512076474883
male2_GCTCGATCAAGTGTTT-1,5.256606540079494,-2.435228813822247
male2_GCTCTGGCATAGCTTG-1,-0.4402787621915851,-0.9643714811510544
male2_GCTGACATCGGCCATA-1,-1.1238928555033654,-0.8217636961114422
male2_GCTGACCAGGGACCTC-1,4.798854234682479,-1.5337014578304755
male2_GCTGTACCAGAAATTG-1,4.717128922451051,0.1416882961911219
male2_GCTGTGATCGGTTAGT-1,5.441279956711619,-0.9174079155244952
male2_GCTGTGATCTAGCTTT-1,0.06325461983961626,-0.8381754663859162
male2_GCTTCGCGTGATGGCT-1,0.49404329523876794,-1.3892634182877726
male2_GGAACGGTCATGGTTA-1,5.110716271745659,0.475155751617622
male2_GGACTAAAGGGTCCAC-1,3.9831059843662566,-1.9278917646992495
male2_GGATATTGTCCTAATC-1,-0.22266061976019905,1.5457584767543662
male2_GGATGGCCAATGAGGT-1,-1.3619572021046742,-1.0426802922695728
male2_GGATTCAGTGTGTGGT-1,0.37759415772175814,0.5900416354295052
male2_GGCCAACTCGTTTCTG-1,2.380560682893417,-3.4990468592895083
male2_GGCCTCTGTCCAAATG-1,5.713540022324802,-1.066209536451323
male2_GGCTATTAGCTAAAGG-1,-0.09865407873663218,0.612194856961892
male2_GGCTGGTTCGCTCCAT-1,3.245605657780376,-3.2189274530240723
male2_GGCTTCAAGGAGCATA-1,4.794755789678537,-0.10409727378059541
male2_GGCTTCAAGGGCCACT-1,3.366156128859534,0.9165714523935803
male2_GGGCAATAGGGCCACT-1,3.2969963742024575,-4.323335058509303
male2_GGTCAATTCCTGGTGA-1,-0.22894856276013228,-1.2108487108992634
male2_GGTCCTGCAAACAACA-1,5.654044733322825,-0.9337631659488781
male2_GGTGAGCCATGAGCAG-1,-0.7032648068519313,0.42322843971592866
male2_GGTGCTGGTTCCTGTG-1,2.9432808188757313,0.3559300991864271
male2_GGTTGAGCATCCCGCT-1,-0.8528179364864178,-1.0685362473197608
male2_GGTTTAATCTTGATGA-1,2.804598845347832,-1.8229873287236202
male2_GGTTTGTAGTCGCTAG-1,2.1761296881808057,-0.7329940043279729
male2_GTAAGCAAGTAACCCG-1,0.5865067721837867,0.29029837051922835
male2_GTACGTAGTAATTAGC-1,-0.9120240845243809,0.8489707513404436
male2_GTAGGAGGTTAGTACG-1,-0.24931161121948042,0.6829318520707072
male2_GTAGGATCAGGACACA-1,-0.4739108464225477,0.7998283699225921
male2_GTAGGTGCATGCTCCC-1,2.140878146579353,-4.032908213580791
male2_GTATTCAAGGCATTGT-1,4.019276129362919,-0.7079047355948993
male2_GTCCAAGTCGTTATAG-1,-1.348701324743974,-2.381585438038058
male2_GTCGGTTCAGGCATCT-1,3.73872477712673,-2.2891489733738
male2_GTCTAATCACATGCTA-1,3.916497765190794,-3.9506064681174013
male2_GTCTAATCATTATGGT-1,2.158721529628718,1.1033965806707922
male2_GTCTATCGTCCTAAGA-1,-0.9805209975640093,-3.257457362029807
male2_GTCTCACTCATTGCAA-1,4.1668151381411205,0.9109761561784396
male2_GTCTCACTCGCTAGTG-1,3.547332662352264,1.3618875562784745
male2_GTCTTTAGTAATTAGC-1,3.0900277698387013,-2.9428890162634067
male2_GTGATCAGTCCAAGAC-1,4.1285513064007455,-1.2239861918300035
male2_GTGCACGGTCACAGAC-1,4.2184840669277035,-2.7545845730526417
male2_GTGCGCAGTGATGAGG-1,3.5144197007220166,-2.2007781956252415
male2_GTTAATGTCCGCCTAT-1,3.5422598612184975,1.2338344075193095
male2_GTTAGGCGTTTATCGC-1,2.443985838984821,-2.8155134595524443
male2_GTTCATTTCAAACCTA-1,0.5855835409031803,-1.6231486850857124
male2_GTTCCCAGTTTGTGGA-1,2.2477185183939734,-3.530099703105944
male2_GTTCGCTTCCCTCGCA-1,-1.2220239388787377,-2.1148880432790826
male2_GTTTAGCAGTAACGGA-1,-1.6375343563848936,-4.669392211730879
male2_TAACCAGGTGCCTCAC-1,2.303933820650188,-3.11330676278103
male2_TAACCGGTCCTCACAC-1,3.278584367107556,0.5750076117048925
male2_TAAGCTGGTAGGTGTC-1,3.8480176117529368,-2.176112361827431
male2_TAAGTGCTCAAGCGCC-1,1.629075821590348,-1.8537114469132878
male2_TAATCCGCATAATTGC-1,1.6763554863574952,-2.5397714586142888
male2_TACAACATCTTAGCGG-1,-0.8037631051865032,-0.8830797608075515
male2_TACCGTTGTTGAGCCG-1,2.190683197374626,1.3795893253823912
male2_TACGCTTGTACTTCAC-1,-1.3104776255741655,-1.3771149918931949
male2_TAGCAGGCACAGACTC-1,2.956300368611594,0.748157753006499
male2_TAGGAGGGTGAGCGAA-1,3.766420398543239,1.2809249109800254
male2_TAGGTTATCAGGTCCA-1,-0.4500656920005456,1.0742098345036128
male2_TAGTAACGTTACCTGT-1,4.965016335068261,-1.3902621783104832
male2_TAGTTTGAGTAGCGCC-1,2.8484412407034516,-1.736261322344404
male2_TATATCCTCCGCATGA-1,3.9613361193465297,-1.0666443079776167
male2_TATCACAAGCTGTACG-1,3.790412545822595,-2.3753020182756313
male2_TATCGAGGTAAACAAG-1,3.299541650918535,-0.7804091355871671
male2_TATTAGGTCAGGAACA-1,2.916350587011681,1.2407891444681096
male2_TCAACAATCCCGCAAA-1,5.183620891062195,0.04824592749411792
male2_TCAAGCTAGCGGTTAT-1,4.475114230022461,-0.190484432855218
male2_TCAGCGATCCCGTTAC-1,4.855839433441872,-0.7152151906394867
male2_TCAGGAGCAATTTAGC-1,4.968057751092412,0.014581987932656776
male2_TCAGGTTAGAAAGGAA-1,4.003833875612959,-4.164655931448885
male2_TCAGTGAGTTGGTTAG-1,5.490493081816772,-1.5403265076879875
male2_TCATAACCACAGCCAT-1,-2.2707200325676804,-5.053555411557106
male2_TCATGCCTCTAATCCT-1,2.070653338695701,0.2694824333936162
male2_TCATGTTTCCTGGTCT-1,3.9285367870184063,-3.2989595509281804
male2_TCCATCATCAGGCTAT-1,1.3825681957061564,-0.9457949247707554
male2_TCCCTGGTCTCACACC-1,4.521379744929171,-3.8364475405726526
male2_TCCGGTTTCTGTTCAT-1,4.012483954065714,-3.473909913297497
male2_TCCTTCAAGCCTGAGC-1,3.782336125267798,0.4500356418053637
male2_TCGCTAACAATAGTCT-1,-0.25347769065212733,-1.6523621228162875
male2_TCGGTAAGTACCTTAC-1,1.3309412424240838,-0.33851049438639125
male2_TCGGTAAGTTAGGTTG-1,5.8079612768098965,-0.7561001578664277
male2_TCGTGCTTCCCATAAA-1,1.931518514184362,-3.7282598686379838
male2_TCGTTTCCAGCCTAAC-1,2.9504100226810115,0.8520383503093946
male2_TCTAACTTCCACCTTA-1,-1.3037709376281175,-2.2266404281098438
male2_TCTAACTTCCTCGATC-1,1.178656351569474,0.50824943564046
male2_TCTAATCTCATTACTC-1,4.75620014471091,0.4552056794711668
male2_TCTTAGTTCAGGTTTA-1,1.8942335049295695,-3.2829368193439326
male2_TGAAGCAAGCGCCTAA-1,2.754672909141428,-4.973055616043971
male2_TGAAGGATCTTGCAAA-1,4.061649096307813,0.8508100260238927
male2_TGACTTAAGCGGTTAT-1,1.1051330574127374,-0.9131240577499098
male2_TGAGCCGGTTCCATTA-1,5.02642358872168,-0.520602705824747
male2_TGAGCTTAGCCTGAGC-1,0.7926263176634329,-0.7913116449452338
male2_TGATCAGGTAACAGGG-1,0.2617314313666947,0.9065887608477786
male2_TGATGAACAAACCTAT-1,5.060481698475683,-2.5554611794076862
male2_TGCACCTTCATCCTGC-1,-1.4031186099527395,-2.1816024063370767
male2_TGCATGAGTGGGAACA-1,2.718195125706104,-0.0709813528727966
male2_TGCCGGTAGTTTGAGC-1,1.3446502901459567,-1.7566428275124544
male2_TGCGGTTCAGAGGCTA-1,4.673772237580775,0.36411879961338806
male2_TGCTATGCAGTAATAG-1,4.391031970603518,-3.66489751203688
male2_TGCTCCGTCTAAGGTC-1,2.5720552999082646,1.426979037858344
male2_TGCTTCATCAAGCCTG-1,2.744834923906198,0.24825657596341905
male2_TGCTTCCAGTAACCAC-1,1.5094753988253173,0.12402912562625648
male2_TGCTTGCTCTAATTGG-1,4.395643802105467,-4.2628071957497315
male2_TGGTAAACATAGACCC-1,3.637213193552924,-1.3825630993613558
male2_TGGTCAGTCCTTAGGG-1,3.738210467919247,-1.9608857772360737
male2_TGGTCCTTCTAATTGG-1,-1.1336616782442817,-2.9736546400385686
male2_TGTAATGTCCCGCATT-1,3.946276322212508,0.8305735710066259
male2_TGTCCTGGTTATCGAG-1,4.579790243223977,-1.6485367686672039
male2_TGTGATCAGTTGTCTT-1,3.65057641851556,1.2889859151889138
male2_TGTGGAGCATGTCGCG-1,4.541859301678248,-1.451437684462424
male2_TGTTATGAGAAGCTAG-1,2.497925564497673,-3.5217327926995106
male2_TGTTGTGCACCTACTT-1,2.8839297399359585,-4.925791160104854
male2_TTACCGTGTTGAGCCG-1,3.2654852658632834,-1.1663179023014134
male2_TTACGTTTCTCCTCTT-1,4.228035493560218,-1.8995975572499828
male2_TTAGAAGCAGGTTATT-1,3.9711865149650363,0.9099164663635629
male2_TTAGCGGTCTAAGGTC-1,5.563102911932177,-0.39618492241350334
male2_TTAGCTGCAACCCTAA-1,-1.6838169895197599,-3.0130469533530917
male2_TTATTGCTCCGCAAGC-1,4.9157466158233545,-0.5743091894380452
male2_TTCAGCACACGTAAGG-1,4.955820634495827,-1.9618108085817536
male2_TTCCACGGTGAGACTC-1,-0.02910869905508845,0.7183255613099527
male2_TTCCCGCCATCCCTCA-1,4.111934992892611,-1.9435853693940182
male2_TTCGCAACATAACGGG-1,5.011072075999587,-2.37500560734579
male2_TTCGGTACAAACCTTG-1,5.097088387381264,-1.4739042429440405
male2_TTCGGTACAAATACCT-1,-0.8247643171489146,-1.166855149394196
male2_TTGACGTAGTGGCGGA-1,5.509016644917507,-0.17631750298350118
male2_TTGGATCAGTTGTCCC-1,4.475491177846654,-0.021056528352288
male2_TTGGCGGGTTGTTCAC-1,0.3214583874417924,1.0653912168410804
male2_TTTATGGAGGACTTAC-1,3.0552665275490014,1.2000040818152293
male2_TTTGGTAAGACACTTA-1,4.5528429571302285,0.2713816658412272
male2_TTTGGTAAGCTGAGGG-1,5.430909431203692,-2.3073001998822176
male2_TTTGGTGCAGTATGTT-1,2.764609752327494,-3.226452808316513
male2_TTTGTGAAGGATCACT-1,4.336601574641871,-2.20682507143614
male2_TTTGTGAAGGTTTACA-1,1.1198198574153124,-1.9377189249146152
male2_TTTGTGTTCATAACCA-1,5.502977258406047,-0.5817382449031974
female1_AAACGGATCCTCCATA-1,0.01563288185710641,2.900838450348767
female1_AAAGCAAGTGAGACTC-1,-3.295047231580003,-3.5229385050268522
female1_AACATTGTCATGGTGT-1,-2.332242024807817,1.998421624326727
female1_AACCGGCTCGTTTCCA-1,-3.762221834479801,-1.9104547198878497
female1_AACCTAATCACCTGCT-1,-3.0645128839385642,-2.7690447784699463
female1_AACCTAATCAGTTCCC-1,-4.002483425327392,-1.2821847785660625
female1_AACTCACAGATAGACG-1,-2.855898977226718,-3.419963302332929
female1_AACTTAGTCCTTTACG-1,-2.8831049444515777,-4.589111453549575
female1_AAGCTCCCAGCATGAG-1,-2.87722572915915,-4.76175631882728
female1_AAGGCCCTCTCACTAT-1,-3.275644306432797,-3.7360898369414475
female1_AATTCGTCATTGTCAG-1,-1.8130858911410028,2.877061208641018
female1_AATTGACGTAATTAGC-1,1.1487588124047465,1.9443295939165917
female1_AATTGGACAAGTCGCT-1,-3.7691553887420626,-2.132393257423074
female1_ACAACAGAGGTGTTAC-1,-2.1312239845819767,-4.6586470709865
female1_ACACCTTGTCAAAGGG-1,-2.870152338727061,-1.2002897176906397
female1_ACACTAGGTTGGTTGA-1,0.17509520136730516,1.4395540877383783
female1_ACAGCCGGTACCGAAC-1,-2.6841659378577862,1.6408731031077077
female1_ACAGCGCTCGCGCTAA-1,-2.7326428705693484,1.1190794439953697
female1_ACAGTATGTAATGACT-1,1.124975733753097,0.5677483845968242
female1_ACATCATCATGTCAGC-1,-1.9239454658006152,-4.55722886961413
female1_ACATTAGTCCTGGTCT-1,0.7462430265038912,2.3191169066303683
female1_ACCATAATCTCACACC-1,-2.1890545423438943,1.5314787153272595
female1_ACCCAGGGTAGTCAAT-1,-2.8669361576616326,2.0118319868151877
female1_ACCCAGGGTCTAACAG-1,-3.220082269174833,-0.6998860237301509
female1_ACCCGTAAGGCTACTG-1,-3.2835570920702097,-1.3374992040935356
female1_ACCTCACTCAATAGCC-1,-1.8407643008519645,1.5330733352895005
female1_ACGGTACGTAGGATTT-1,-3.2610254897900552,-0.5506577131625557
female1_ACGGTTAGTGTTAAAC-1,-2.373158261845434,-4.907036426651764
female1_ACGTCAAGTCACCTAT-1,-1.4670960565599893,-3.4816987174750516
female1_ACGTCCAAGCCAGTAT-1,-2.755285826840088,-3.742293529291088
female1_ACGTTGTAGTCATCCC-1,-1.7752119064515433,-3.9756705765305087
female1_ACTAGGCGTGGATTGC-1,-2.914746438124293,0.1526892890616268
female1_ACTCAGTAGTAACGAG-1,-2.758362026899074,-4.36879312102334
female1_ACTGAAACAAGTGAAC-1,-3.20073768586691,0.9070500304794844
female1_ACTTGCACAATGAGGT-1,-2.6823684954294658,-4.929894728976643
female1_AGCAAGGGTTTAGCTC-1,-2.980754468396034,-1.0972318920384898
female1_AGCACTAGTACGGTAC-1,-4.031669345016892,0.6081839063575359
female1_AGCCAGTGTGGATGTC-1,-2.239644285400579,0.5380005560623539
female1_AGCGATTTCGGTAACT-1,-3.424235323385651,-0.8348625546240984
female1_AGCGCCTAGTAGCGCC-1,1.3996777441421717,0.7159687719121383
female1_AGGTTAACATGAATCT-1,-2.5469490243637654,-5.393022231465144
female1_AGTAAGTAGGGCTTTG-1,-1.773994335320292,2.208098182702164
female1_AGTAATCGTAACTACG-1,-3.2213271896537177,0.8040194860687195
female1_AGTCGCATCAAACTCA-1,-2.788928662890833,-4.6532975866436574
female1_AGTGCACGTAGCTGCG-1,-2.9169471241503935,-0.977442473523093
female1_AGTGCCGGTATTGAGT-1,-1.7854288991348048,-4.532009591888652
female1_AGTTATGTCCTAGTAA-1,-1.662373081734976,-2.741208403926253
female1_AGTTGTCAGCTCGCTT-1,-1.9271121694051507,-3.8183484622084767
female1_ATATGGTGTGGGAACA-1,-3.6216591240225635,-2.007051659193303
female1_ATCAAGACATAGACTT-1,-3.047782302055771,0.892004228574958
female1_ATCAATCCAACAGGTG-1,-0.16636849114446509,2.7191256005686895
female1_ATCATGTCAAGCGAGC-1,-2.9944911451611897,-0.7796002813648649
female1_ATCCCGCGTTCGCTCA-1,-2.0649076386957006,-3.6092010366879377
female1_ATCGCTTGTATGGTGC-1,-3.57996999452378,-0.7390365585280135
female1_ATCGGCCAGGTCCGTA-1,1.2518755045573937,1.3727819802461818
female1_ATGCGATTCTTTAAGG-1,-3.3383820955433583,1.404645117946277
female1_ATGGACAAGGCTAATC-1,-2.7844927686008742,-3.2402925813442978
female1_ATGGCTAGTCCTAATC-1,-3.663107922986687,-0.31856775751670713
female1_ATGTCATCAAACGCGA-1,0.39175002233443773,2.353222238284491
female1_ATTACCGCACTGGCTG-1,-1.5270035915491396,2.6774092544462293
female1_ATTATCCTCCTGGTCT-1,-0.7996626878346034,2.260127351640607
female1_ATTGCACAGCAACAAG-1,-1.9762007114740328,-4.4259103464371465
female1_ATTTGCGCAATAACGA-1,-2.371249184180356,2.4241127811376586
female1_CAAAGCGCAGGATGGC-1,-3.4606220543493476,-2.6786663833138147
female1_CAAAGCGCAGGATTAA-1,-1.391006967311384,2.7319996111677445
female1_CAAGGGAGTGAGCAAG-1,-2.307317181073605,1.8612524883523793
female1_CAAGTAACATACTCCT-1,-2.1119141569489575,1.873167729069624
female1_CAAGTGAAGTATTGGC-1,-0.8369786813347834,2.120032859569948
female1_CAAGTTATCATGCTTT-1,-3.8632486636196255,-0.39052248759113756
female1_CAATATGTCCCTCATA-1,-2.060196457295139,-2.5183670506168867
female1_CAATGTCAGTTACCGG-1,-3.573777071885244,-2.5464661149483665
female1_CACGCTAAGCTCAAAC-1,-1.7619006765335572,-3.717824072050024
female1_CACTTTGTCCTAGTCC-1,-1.8207036192985084,1.8810972960320127
female1_CAGCAAGCAAGGTAAC-1,-2.3134271016864862,-5.2222179436626925
female1_CAGCTATAGGACTTAC-1,-1.593459522753257,2.1917753065395753
female1_CAGGCTATCCCTGGAA-1,1.2048255795679248,0.899693836341511
female1_CAGGCTGGTCCAAATG-1,-2.1888262751956624,-3.544958526495038
female1_CAGGTGGAGCTCCTAC-1,-2.2715513492557697,-4.839440162857532
female1_CAGGTTTAGGCACAGG-1,-3.113493467289004,-1.1657495691448154
female1_CATAGGTTCAGCATTA-1,-1.8015738857619974,2.623242324674824
female1_CATCAGCCATGCATAT-1,-2.7587979933228866,-1.2093145992805412
female1_CATCATGCACATGCTA-1,-1.8771755370257446,-3.2650350624484714
female1_CATGCATAGGGCCATC-1,-3.3884246578012367,-3.972436415143662
female1_CATTGCGAGTGAACGA-1,-2.4484112596329024,2.1808075276628376
female1_CATTTGTTCGCTAGTG-1,-3.2615109701370644,-2.5221138298112553
female1_CCAAACCCAATTGACT-1,-3.445447273266151,-2.440401595391068
female1_CCAAACCCACCGGCTA-1,-2.57617144914955,1.6031541536572236
female1_CCACAATAGCATTATG-1,-2.119365231444033,-5.222798446929201
female1_CCAGGAACAGCCTAAC-1,-2.5136000087010615,-4.789961512524999
female1_CCCAAATAGGAACCAA-1,-3.456593020171462,1.4820914363723865
female1_CCCAACCGTTTCGCCA-1,-3.536066433089832,-2.886596392828825
female1_CCCGCAACACAGAAAC-1,-2.5119161097426046,-5.120918935428794
female1_CCCTAATGTAACGGGA-1,1.32172550706133,-0.7573016374750408
female1_CCCTCAGTCTATCGCC-1,-2.7922953737011897,-5.1499486693803105
female1_CCGACAGGTCCACAAA-1,-2.5163069596285834,1.7984655407844936
female1_CCGCACACAATTTGGT-1,-2.125560979207074,-2.6031935094266854
female1_CCGTTACTCAAGCCTG-1,-3.85967094535584,-1.1757745502061674
female1_CCGTTACTCCCTCATA-1,-0.4619275491591627,1.2720087384278143
female1_CCGTTTGGTTATTGCC-1,0.5613264628885679,2.6781807183937847
female1_CCTACTTCAATGCCTA-1,0.3075099017031057,1.2812464343210412
female1_CCTGCTCCAGGACACA-1,-4.2482894410270955,-0.3955702949011525
female1_CCTTAGTGTTGGTTCT-1,-3.5318294051082453,-1.3691780907433686
female1_CGAATCTAGTAACGGA-1,-3.9367686796704113,-0.7389603575149789
female1_CGACCTGCAGCAAGTG-1,-1.3644884030894064,-3.3605969259972466
female1_CGCATATAGTAAAGGT-1,-2.6779701932727655,-5.078498924542975
female1_CGCTACTTCCGCATGA-1,-3.2356506248189447,-1.2226939375124077
female1_CGGCAATGTTACATCC-1,-3.660735372338832,-3.296156483582877
female1_CGGGTCTAGCACAGCC-1,-2.005435471021364,2.6019945939886924
female1_CGTCAATAGCCTGATG-1,-1.950626624337118,2.374014528182203
female1_CGTGCTTTCCTAGTTT-1,-2.6667054589992003,1.9184961921391526
female1_CGTTAAATCAAGCGCC-1,-0.45252822111291013,2.1575690830395082
female1_CGTTATCGTCGCATAA-1,-2.254393633444142,-5.374307329921002
female1_CTAATCGCATAATCAC-1,0.677921896783168,0.9738066133748412
female1_CTACAACAGCTCCTAC-1,-3.1085444157701465,-1.292588192766657
female1_CTAGCTGAGGAGGCAT-1,-3.3969425260563253,0.21777624822558359
female1_CTAGGCGGTAAAGCGG-1,1.1487494279154002,1.7500814022818338
female1_CTAGTAGGTTTGCAGA-1,-2.3477970432000794,-2.9975553572667835
female1_CTAGTTGCACATTAAC-1,-2.0626701127571563,-4.160808795400617
female1_CTATTACTCTCACTCA-1,-1.7831890408466098,2.4875448275787435
female1_CTATTCAGTAATCCCT-1,-3.1176237441154306,-1.0182958726847766
female1_CTATTGAAGGCCATCA-1,-2.890025002336248,1.0005770621435863
female1_CTCATGCTCGCAACAT-1,-3.288663858300229,0.34531357898194
female1_CTGGTAAGTGTAACCA-1,-2.3148165037532444,2.798324576402674
female1_CTGGTTACAGCCTGCA-1,-2.1636727839601986,2.551679915623286
female1_CTGTGTGAGGAGTCGG-1,-1.967515646172343,2.5112894338785074
female1_CTGTGTGAGTAACAGG-1,-3.745522139648609,-2.536954966324125
female1_CTGTTAAAGTCACCAG-1,-2.8887506716611147,-0.5628085456761155
female1_CTTAATGAGGCTCATG-1,-1.8914774795256184,-0.5708336450997569
female1_CTTACCTCATGACTAT-1,0.21229112738568479,2.158114864043595
female1_CTTGAACAGCTGGCTA-1,-2.0014898960654106,-1.618066644412864
female1_GAAACCCGTCATGAGC-1,-0.8617015369159743,0.7245977447792936
female1_GAACCAAAGGTAAGGC-1,-1.0066029377016628,0.7806156224121696
female1_GAACCGCTCCTTGCAC-1,-2.2500265168827527,-4.434225327868222
female1_GAACGAATCATGCTCC-1,-2.547934080541237,-3.8265732742597365
female1_GAAGGCTAGTTATGTG-1,0.6061060717169757,1.5704334363383947
female1_GAAGTAAGTAAGCTTG-1,-2.9400844594462603,-1.297668103740451
female1_GACATAGAGGAGCATA-1,-2.5753426182250405,-4.376556285023325
female1_GACTTAGGTCCTAAGA-1,-1.9460648663954063,-5.095457869875863
female1_GAGAAACGTTAATGAC-1,-1.406525583641022,2.5852142529404714
female1_GAGAACCAGCCGCAGT-1,0.19175342361195877,1.1042004928435953
female1_GAGCCACTCCTAGTCC-1,-2.4307442557674253,1.205752881871277
female1_GAGCGGTCACAAAGAC-1,-3.7093201060402965,-0.6763172615073331
female1_GAGTGAGGTTAGAGGG-1,-2.203821472365794,-3.873014862656966
female1_GATAACGAGGTAGCTT-1,-3.1748801159577162,-0.28235579886960877
female1_GATAAGCCATAGGCGA-1,-2.5677943679256714,0.5311686693091187
female1_GATCGAGCAGGTCCTG-1,-0.3564935713517793,2.25612936684556
female1_GATCGATTCTGTTGCC-1,-3.4593510176585958,-1.6021743193908717
female1_GATGCTTAGCAGCTCA-1,-1.594011163886681,-5.158169901586538
female1_GCAAACTTCATGGCTG-1,0.28199709653930516,2.500589008304127
female1_GCAGGACCACAGCCAT-1,-3.8504088664212466,-1.0851613506044668
female1_GCCAATTAGGATTGAG-1,1.5858769404566855,-0.5910240087376644
female1_GCCTTAACACACCAAC-1,-2.4874849569940745,-2.851385340506427
female1_GCGATTAGTTAACACG-1,-1.9035530489476948,-4.08925377079921
female1_GCGCCTTGTGTCCTGC-1,-0.5593122439588668,2.9776914774251044
female1_GCTAATATCAAGCTAC-1,-2.2336357817832795,2.6476002021138907
female1_GCTATAGGTCATTGAG-1,0.7739444830928737,1.6597328916076595
female1_GCTGAGGAGCAGCTAT-1,-2.6457485944431243,0.6986832445187039
female1_GCTGGATGTCCGGTTC-1,-3.3377756736053894,1.175054858931356
female1_GCTTAAATCACAGACT-1,-3.0305367600316386,-0.5419833122506053
female1_GCTTTACGTATTGTGG-1,-2.4203256364946384,1.6938172952004247
female1_GGAACTAAGCTTGCTC-1,-2.969609145309123,-4.362244992572731
female1_GGAAGCTAGGCGGGTA-1,-1.996152009088083,-3.4313059551299325
female1_GGACAGCCAAACAACA-1,-4.011803414458101,-0.5126645053841966
female1_GGATTCAGTACAAAGA-1,-3.8290466219043906,-1.362067168675104
female1_GGCCTTAAGCTCAATA-1,-2.046558307732529,-3.0895815291259403
female1_GGGATAATCTTGCATT-1,0.311293493945449,0.6839216089224639
female1_GGGTTATTCCAGGTTG-1,-2.9052745414958756,-3.066416280851504
female1_GGTAGGAGTACGTTTC-1,1.482212472050444,1.4949149744424495
female1_GGTCAAGCACGTAATT-1,-4.127946774191487,-0.5606648644196057
female1_GGTCATTAGCTTATGA-1,1.055887352393831,1.4443182953935076
female1_GGTCATTAGGCTGTGC-1,-3.3229385094514483,-3.3622204864642016
female1_GGTCTTTGTTGGTTAG-1,-3.1484646998325374,-2.088274644630545
female1_GGTTCCCGTCACAAAT-1,-1.1550535763223717,-1.166274823674764
female1_GTAAAGCCAGTAAGTA-1,0.6411336548109675,0.7853759396509592
female1_GTAAGCTTCCACCTGT-1,-2.372921642894228,-3.602784524803482
female1_GTACCGGGTTAGGTTG-1,-0.798653949484595,0.4738689214841046
female1_GTACTTCGTCCTAAGA-1,0.2005296788363093,2.3686005730289508
female1_GTATGTTCAGTATGTT-1,-3.3051252218857465,-1.7527801425754062
female1_GTCCTAGAGCGCAATT-1,0.4591264323521829,1.049074795112158
female1_GTGCGCAGTGTTGCAA-1,-1.5102580064677902,-3.814766328722112
female1_GTTCCCAGTGTAATAC-1,-3.322687346783571,-0.4075724600842138
female1_GTTCCTGGTTCCGGGA-1,-1.8303288290094288,2.044593102816448
female1_GTTCTTAGTTGCCTCA-1,-4.002919982548251,0.7831809875400615
female1_GTTGGCGGTCAGGCAT-1,-2.3354398690813643,-3.3083952164386266
female1_GTTTCAGCAGATAGAC-1,-2.0890526312098032,2.1739299597878974
female1_TAAACAGCACCCACAG-1,0.05375873953442602,1.2636630525026802
female1_TAAGTGCTCTCACTCA-1,-1.6120073615210384,-3.4009143587165522
female1_TAATTGCCAATTAGGA-1,-2.761685428365005,-3.566930271078533
female1_TACGTAATCGCACACA-1,-2.8164802418107655,1.2074579534133076
female1_TACGTTAAGCTTTGTT-1,-0.8763693316130452,-0.2556217508793959
female1_TACTTCGTCCATTACT-1,-3.1985194419695175,-2.911007861745786
female1_TAGACCAGTGGTTCTT-1,-2.4138443375251186,-3.49509115009872
female1_TAGGTTATCCTTCGTA-1,0.5258390951915889,2.096872134151767
female1_TAGTTGTCAGGCGAGT-1,-2.293919610815726,-3.480675483699474
female1_TAGTTTGAGGATTTGC-1,-2.106712470143914,-5.708246197658627
female1_TATCCAGCAAACATAG-1,-2.554859088125764,-4.013064485239009
female1_TATCGAGGTACAAAGA-1,-1.9783745721851218,-3.224144885004479
female1_TATGGTCAGCAAACCT-1,0.09074160857952222,2.4527704959185126
female1_TATTCGTTCTACTAAG-1,-2.9132562923697893,-3.758833352179805
female1_TCAAACCAGCCGCTAA-1,-4.017084635125382,-1.0773675031101368
female1_TCACGGATCCTAGTTT-1,-2.1647257864391896,-5.603842996482255
female1_TCATGCCTCGCTCACT-1,-2.075785829814351,-4.495235761654108
female1_TCATTACTCTGTGCCT-1,-3.3922601316755,-0.5302678706653694
female1_TCCGGTTTCCTTAATC-1,-1.741396149002229,-3.524475698484476
female1_TCCTTGCAGCGAGGTG-1,-3.032310117841217,-0.2963115009471345
female1_TCCTTTACAACTAGCC-1,-1.7975251850697431,-4.9455382348488
female1_TCGGTTTGTTGGGTTA-1,0.05991357917387158,2.1722629462829532
female1_TCTACTAGTTCCGGGA-1,-0.1780079355099648,2.2983889176701893
female1_TCTATGTTCAACAAGG-1,-3.0688040430099206,-0.9401150014720492
female1_TCTCAAGCAGTTAGCC-1,-3.1654642404783364,-4.284732520152671
female1_TCTGTGACAATATAGG-1,1.015172089080451,1.5656935667011522
female1_TGAAGCAAGCACAGGG-1,-3.6553287432599832,-2.8005149340297963
female1_TGACCTTGTAGACAAA-1,-0.7473508678115923,2.5616144001548986
female1_TGATTAGTCATAAGCC-1,-2.3716368754067014,2.550924204464895
female1_TGCTAGCCATGGCCTG-1,-2.3534243982499174,-5.140435344064169
female1_TGCTTGCTCTTGTCCA-1,-0.35955951636797384,1.3533646484502337
female1_TGGATTCAGGGTGAAC-1,-1.5558531438684664,2.0400671273870485
female1_TGGTCCTTCATGCGTG-1,-1.2406409908390363,-3.8355894091950002
female1_TGGTTCCTCCTGGTGA-1,-2.4393838614591505,-4.622033919193492
female1_TGTATCCGTCGCAATA-1,-1.8265320362809345,1.0870434342898498
female1_TGTATCGCATAATCCG-1,-2.6003478066937253,-3.6468281132401974
female1_TGTGCACCAGTCTAGC-1,-3.824791467665594,-0.13691495842317325
female1_TGTGCGCAGCAACATC-1,-3.3965871399847627,-3.0861456515771044
female1_TGTTGGCCACAGAACG-1,-2.4182707542913238,-4.512519141462658
female1_TTAAAGGCACCGGTAT-1,-2.124948384928288,-4.342535812296667
female1_TTACACCGTTAAATGC-1,-2.922205412680781,-3.2326997102673003
female1_TTAGACTCATGAGCAG-1,-3.9980373886188376,-0.22815978467605447
female1_TTAGGCGTCATTGTTC-1,-1.434572183520016,2.2126115289563164
female1_TTCAGTTTCAGGAAGC-1,-0.5024797010937169,0.9026306979775668
female1_TTCGTGCTCACAGCCA-1,-1.3694563641096045,2.846457613812283
female1_TTGCTCTCAGGCTTGT-1,-3.075878261692246,-3.3371750007867518
female1_TTGCTTAGTACTTAGG-1,-3.3666715987727716,-4.253287493826097
female1_TTGGATCAGGCGCACT-1,-1.3581472723880539,-3.8281102439230144
female1_TTGGGCCAGTTGGATC-1,0.685233762212565,2.0150149040559695
female1_TTGGTGAGTGTTGCTT-1,0.16923173942366784,2.0027532573191493
female1_TTGTAAGTCTAAGGTC-1,0.41347253046240606,1.6699126520585412
female1_TTGTCAAAGTTTGCGG-1,-3.1726130133172097,1.1074830834778793
female1_TTGTGTGCAAGTGAAC-1,-4.050588153875075,-0.7606936860787729
female1_TTGTGTGCACTTACAG-1,-1.880798474691592,2.756277931970486
female1_TTGTTCCCAGGAACAT-1,-3.269223695207814,-1.077449908761414
female1_TTGTTGCGTCCCGGAA-1,-3.7611816192977776,-3.1320198113967455
female1_TTGTTGTTCGCTTCTA-1,-3.330202174074068,0.9551749583742706
female1_TTTACGCGTGTCCTGC-1,-1.0898773701007407,-3.7417000819623705
female1_TTTCCGGGTGATTACG-1,-3.2206006747603286,-4.008889037465297
female1_TTTGTCCCAATTGAGA-1,0.05488617961330221,1.5139275197902289
female1_TTTGTGAAGGTAGCTT-1,1.4275578046397592,0.9009604123644522
